Timestamp,Generator_ID,Consumer_ID,Temperature_C,Humidity_%,Energy_Units_kWh,Price_per_kWh,Available_Units,Demand_Units,Energy_Demand_kWh,Total_Cost,Trade_Priority,Smart_Contract_Executed
2024-01-01 00:00:00,GEN06,CSMR10,32.48,74.0,466.4,0.101,1067.6,706.0,417.2,47.11,Normal,Yes
2024-01-01 01:00:00,GEN09,CSMR19,29.31,69.2,159.4,0.119,1119.5,608.5,330.1,18.97,Normal,No
2024-01-01 02:00:00,GEN04,CSMR13,33.24,60.6,413.9,0.136,1173.1,708.0,433.6,56.29,Normal,No
2024-01-01 03:00:00,GEN05,CSMR23,37.62,53.5,199.9,0.09,808.1,808.0,424.7,17.99,Normal,No
2024-01-01 04:00:00,GEN08,CSMR04,28.83,67.0,827.4,0.121,861.5,1254.4,748.9,100.12,Normal,Yes
2024-01-01 05:00:00,GEN10,CSMR13,28.83,63.9,952.9,0.115,1154.5,988.3,592.8,109.58,Normal,Yes
2024-01-01 06:00:00,GEN04,CSMR15,37.9,69.0,165.1,0.09,983.4,1168.0,725.3,14.86,High,No
2024-01-01 07:00:00,GEN01,CSMR08,33.84,66.4,959.6,0.124,1025.8,1068.3,670.3,118.99,Normal,Yes
2024-01-01 08:00:00,GEN07,CSMR07,27.65,70.5,570.3,0.099,1065.2,590.0,337.4,56.46,Normal,Yes
2024-01-01 09:00:00,GEN03,CSMR09,32.71,54.6,369.6,0.114,1071.6,1088.7,649.8,42.13,High,Yes
2024-01-01 10:00:00,GEN10,CSMR07,27.68,73.2,169.2,0.086,1172.7,720.1,407.3,14.55,Normal,No
2024-01-01 11:00:00,GEN10,CSMR25,27.67,62.0,550.6,0.112,1198.8,1011.3,572.3,61.67,Normal,Yes
2024-01-01 12:00:00,GEN08,CSMR20,31.21,80.8,815.1,0.101,1088.1,772.8,471.1,82.33,Normal,Yes
2024-01-01 13:00:00,GEN03,CSMR02,20.43,53.1,736.4,0.138,914.9,1298.1,739.4,101.62,Normal,No
2024-01-01 14:00:00,GEN01,CSMR29,21.38,77.4,145.2,0.084,1151.9,710.8,410.6,12.2,Normal,No
2024-01-01 15:00:00,GEN03,CSMR17,27.19,62.0,165.6,0.109,819.7,723.3,403.4,18.05,Normal,No
2024-01-01 16:00:00,GEN07,CSMR21,24.94,53.5,462.6,0.112,892.4,1244.5,762.8,51.81,High,Yes
2024-01-01 17:00:00,GEN02,CSMR13,31.57,55.2,365.8,0.131,1159.0,519.7,366.7,47.92,Normal,No
2024-01-01 18:00:00,GEN01,CSMR25,25.46,56.8,309.1,0.12,902.5,1057.4,594.8,37.09,Normal,Yes
2024-01-01 19:00:00,GEN03,CSMR14,22.94,64.2,352.9,0.127,888.3,1080.3,590.8,44.82,Normal,Yes
2024-01-01 20:00:00,GEN03,CSMR04,37.33,65.2,823.1,0.134,855.3,1169.1,698.7,110.3,Normal,No
2024-01-01 21:00:00,GEN06,CSMR22,28.87,54.3,936.3,0.14,1143.6,1279.6,768.6,131.08,Normal,No
2024-01-01 22:00:00,GEN10,CSMR02,30.34,59.8,464.6,0.102,1000.0,1280.5,774.9,47.39,High,Yes
2024-01-01 23:00:00,GEN06,CSMR11,22.88,81.4,915.5,0.118,1070.0,552.2,314.4,108.03,Normal,Yes
2024-01-02 00:00:00,GEN05,CSMR12,27.28,77.3,389.3,0.139,895.6,1157.5,686.2,54.11,Normal,No
2024-01-02 01:00:00,GEN04,CSMR09,30.55,64.4,528.8,0.149,1103.2,1017.0,620.9,78.79,Normal,No
2024-01-02 02:00:00,GEN09,CSMR12,24.25,60.4,303.4,0.142,1104.0,1017.9,640.8,43.08,Normal,No
2024-01-02 03:00:00,GEN07,CSMR09,31.88,61.2,676.4,0.106,925.0,602.7,303.2,71.7,Normal,Yes
2024-01-02 04:00:00,GEN07,CSMR20,27.0,66.1,981.1,0.094,964.3,1020.1,599.8,92.22,High,Yes
2024-01-02 05:00:00,GEN06,CSMR15,28.54,49.8,643.1,0.114,883.9,1286.0,778.7,73.31,High,Yes
2024-01-02 06:00:00,GEN01,CSMR06,26.99,57.4,422.0,0.132,1190.6,1229.5,709.8,55.7,Normal,No
2024-01-02 07:00:00,GEN05,CSMR09,39.26,43.3,683.0,0.114,1058.2,851.3,566.2,77.86,Normal,Yes
2024-01-02 08:00:00,GEN03,CSMR15,29.93,64.0,210.6,0.114,1173.8,532.0,299.7,24.01,Normal,Yes
2024-01-02 09:00:00,GEN05,CSMR24,24.71,66.5,899.8,0.139,921.4,789.8,470.9,125.07,Normal,No
2024-01-02 10:00:00,GEN06,CSMR22,34.11,55.2,552.8,0.105,1112.8,1161.1,714.6,58.04,High,Yes
2024-01-02 11:00:00,GEN05,CSMR09,23.9,75.7,504.4,0.14,1106.3,1061.2,616.2,70.62,Normal,No
2024-01-02 12:00:00,GEN02,CSMR16,31.04,47.7,627.3,0.108,1076.7,867.5,466.5,67.75,Normal,Yes
2024-01-02 13:00:00,GEN05,CSMR05,20.2,45.4,662.3,0.103,1186.3,544.1,313.1,68.22,Normal,Yes
2024-01-02 14:00:00,GEN05,CSMR06,23.36,62.2,164.6,0.112,957.4,841.5,534.2,18.44,Normal,No
2024-01-02 15:00:00,GEN10,CSMR15,30.98,70.5,714.4,0.133,852.3,875.2,514.2,95.02,Normal,No
2024-01-02 16:00:00,GEN04,CSMR04,33.69,76.8,317.7,0.089,1068.7,1242.8,719.3,28.28,High,Yes
2024-01-02 17:00:00,GEN09,CSMR30,30.86,55.4,742.6,0.094,1091.7,1012.9,636.1,69.8,Normal,Yes
2024-01-02 18:00:00,GEN06,CSMR19,29.42,70.8,840.3,0.147,1030.0,749.3,438.5,123.52,Normal,No
2024-01-02 19:00:00,GEN01,CSMR03,28.49,59.6,823.6,0.092,882.7,920.3,536.6,75.77,High,Yes
2024-01-02 20:00:00,GEN10,CSMR24,22.61,58.3,597.3,0.12,1001.8,552.8,334.9,71.68,Normal,Yes
2024-01-02 21:00:00,GEN03,CSMR22,26.4,68.8,568.2,0.121,924.9,1278.1,788.4,68.75,Normal,Yes
2024-01-02 22:00:00,GEN10,CSMR05,27.7,66.5,228.6,0.114,971.0,788.0,543.1,26.06,Normal,Yes
2024-01-02 23:00:00,GEN05,CSMR18,35.29,44.2,797.8,0.125,1058.1,882.3,556.8,99.72,Normal,Yes
2024-01-03 00:00:00,GEN04,CSMR07,31.72,74.8,344.3,0.096,1098.1,784.2,504.2,33.05,Normal,Yes
2024-01-03 01:00:00,GEN09,CSMR19,21.18,73.8,547.0,0.119,892.9,1046.0,609.3,65.09,High,Yes
2024-01-03 02:00:00,GEN01,CSMR17,31.62,53.7,355.8,0.106,962.1,1029.8,588.1,37.71,High,Yes
2024-01-03 03:00:00,GEN03,CSMR23,28.07,64.0,220.4,0.126,907.7,1072.3,644.5,27.77,Normal,Yes
2024-01-03 04:00:00,GEN02,CSMR15,26.62,64.9,666.6,0.09,879.5,714.5,430.7,59.99,Normal,Yes
2024-01-03 05:00:00,GEN01,CSMR24,33.06,62.6,148.9,0.12,1113.4,752.5,419.5,17.87,Normal,No
2024-01-03 06:00:00,GEN05,CSMR11,35.15,54.5,773.8,0.093,1163.7,600.2,356.4,71.96,Normal,Yes
2024-01-03 07:00:00,GEN06,CSMR08,34.66,53.3,385.8,0.1,948.1,1024.4,628.2,38.58,High,Yes
2024-01-03 08:00:00,GEN02,CSMR02,25.8,59.7,100.1,0.095,1100.5,531.8,329.1,9.51,Normal,No
2024-01-03 09:00:00,GEN08,CSMR18,28.45,71.7,560.0,0.093,1158.8,978.1,600.5,52.08,Normal,Yes
2024-01-03 10:00:00,GEN03,CSMR27,31.66,65.4,142.2,0.138,1138.4,1195.8,726.0,19.62,Normal,No
2024-01-03 11:00:00,GEN10,CSMR01,34.88,56.3,348.6,0.1,873.1,1212.7,713.8,34.86,High,Yes
2024-01-03 12:00:00,GEN06,CSMR11,27.6,67.7,736.3,0.145,1182.5,859.2,498.9,106.76,Normal,No
2024-01-03 13:00:00,GEN01,CSMR17,29.07,31.5,156.4,0.148,950.7,867.4,487.1,23.15,Normal,No
2024-01-03 14:00:00,GEN01,CSMR27,24.47,71.5,855.4,0.12,935.7,561.6,388.2,102.65,Normal,Yes
2024-01-03 15:00:00,GEN01,CSMR16,24.02,42.6,103.4,0.09,825.0,1036.6,622.9,9.31,High,No
2024-01-03 16:00:00,GEN07,CSMR20,34.06,56.4,322.1,0.106,994.5,1157.0,688.6,34.14,High,Yes
2024-01-03 17:00:00,GEN02,CSMR04,36.78,48.8,766.8,0.136,843.6,695.7,392.0,104.28,Normal,No
2024-01-03 18:00:00,GEN03,CSMR01,29.64,47.1,384.6,0.106,899.4,837.0,591.5,40.77,Normal,Yes
2024-01-03 19:00:00,GEN05,CSMR26,35.02,71.6,191.7,0.086,926.8,1171.1,670.3,16.49,High,No
2024-01-03 20:00:00,GEN03,CSMR07,31.81,55.3,424.2,0.119,1123.5,1201.7,709.0,50.48,High,Yes
2024-01-03 21:00:00,GEN06,CSMR16,26.77,63.5,343.4,0.139,1150.2,694.5,428.2,47.73,Normal,No
2024-01-03 22:00:00,GEN07,CSMR04,31.81,59.5,858.4,0.136,921.0,940.5,582.7,116.74,Normal,No
2024-01-03 23:00:00,GEN10,CSMR13,37.69,64.8,382.0,0.092,1143.5,654.0,422.2,35.14,Normal,Yes
2024-01-04 00:00:00,GEN09,CSMR23,29.82,60.8,810.0,0.127,1142.9,581.5,403.0,102.87,Normal,Yes
2024-01-04 01:00:00,GEN05,CSMR17,37.82,47.2,902.7,0.095,1105.9,1228.9,755.4,85.76,High,Yes
2024-01-04 02:00:00,GEN02,CSMR22,16.9,70.0,490.4,0.095,858.7,1156.4,658.5,46.59,High,Yes
2024-01-04 03:00:00,GEN10,CSMR28,34.11,55.1,918.9,0.141,1076.1,1108.0,658.4,129.56,Normal,No
2024-01-04 04:00:00,GEN05,CSMR23,30.44,44.4,439.6,0.097,1178.0,539.0,334.3,42.64,Normal,Yes
2024-01-04 05:00:00,GEN08,CSMR13,28.5,55.7,967.7,0.098,1073.0,1175.0,767.2,94.83,High,Yes
2024-01-04 06:00:00,GEN05,CSMR03,30.46,75.0,180.4,0.08,932.6,850.4,466.9,14.43,Normal,No
2024-01-04 07:00:00,GEN08,CSMR05,20.06,68.5,718.3,0.141,1000.2,773.9,497.6,101.28,Normal,No
2024-01-04 08:00:00,GEN03,CSMR08,28.9,56.5,544.4,0.135,1058.3,937.2,567.8,73.49,Normal,No
2024-01-04 09:00:00,GEN06,CSMR05,31.79,56.5,448.9,0.124,1004.2,573.1,369.7,55.66,Normal,Yes
2024-01-04 10:00:00,GEN05,CSMR18,37.39,56.8,669.4,0.133,848.0,1105.3,661.9,89.03,Normal,No
2024-01-04 11:00:00,GEN08,CSMR21,27.41,80.8,733.5,0.091,924.8,965.9,551.7,66.75,High,Yes
2024-01-04 12:00:00,GEN08,CSMR15,25.96,63.8,103.9,0.112,1121.0,649.3,410.9,11.64,Normal,No
2024-01-04 13:00:00,GEN03,CSMR15,27.49,64.3,250.3,0.105,1144.6,650.6,409.1,26.28,Normal,Yes
2024-01-04 14:00:00,GEN05,CSMR13,34.58,70.3,741.7,0.087,854.9,647.4,417.5,64.53,Normal,Yes
2024-01-04 15:00:00,GEN01,CSMR22,31.64,62.4,699.7,0.114,1181.0,545.6,327.0,79.77,Normal,Yes
2024-01-04 16:00:00,GEN02,CSMR13,27.35,57.4,969.4,0.144,931.5,970.2,563.9,139.59,Normal,No
2024-01-04 17:00:00,GEN06,CSMR04,32.57,58.0,784.9,0.083,1064.9,1172.3,657.3,65.15,High,Yes
2024-01-04 18:00:00,GEN04,CSMR07,30.49,59.3,955.7,0.1,1100.7,514.0,333.1,95.57,Normal,Yes
2024-01-04 19:00:00,GEN10,CSMR25,34.84,59.6,732.3,0.095,1124.8,539.2,337.2,69.57,Normal,Yes
2024-01-04 20:00:00,GEN04,CSMR15,26.49,67.3,368.2,0.097,1178.3,958.2,544.5,35.72,Normal,Yes
2024-01-04 21:00:00,GEN03,CSMR24,28.36,60.5,194.8,0.144,925.2,1155.6,676.8,28.05,Normal,No
2024-01-04 22:00:00,GEN08,CSMR14,28.04,67.3,803.6,0.113,1143.4,761.4,441.7,90.81,Normal,Yes
2024-01-04 23:00:00,GEN08,CSMR03,22.68,59.2,679.7,0.113,852.7,779.7,421.9,76.81,Normal,Yes
2024-01-05 00:00:00,GEN10,CSMR24,31.48,60.8,143.4,0.133,1082.0,977.1,561.9,19.07,Normal,No
2024-01-05 01:00:00,GEN10,CSMR17,31.31,40.0,424.0,0.091,1096.8,719.4,399.9,38.58,Normal,Yes
2024-01-05 02:00:00,GEN10,CSMR18,30.03,69.2,961.1,0.114,1071.1,521.3,299.5,109.57,Normal,Yes
2024-01-05 03:00:00,GEN03,CSMR16,28.83,63.5,550.4,0.11,900.9,1088.2,630.2,60.54,High,Yes
2024-01-05 04:00:00,GEN02,CSMR30,22.92,70.0,489.5,0.122,1149.2,1000.5,549.1,59.72,Normal,Yes
2024-01-05 05:00:00,GEN08,CSMR22,27.9,31.0,511.9,0.15,867.5,964.6,641.9,76.78,Normal,No
2024-01-05 06:00:00,GEN02,CSMR16,28.29,80.9,288.0,0.134,821.5,1093.3,691.1,38.59,Normal,No
2024-01-05 07:00:00,GEN08,CSMR30,25.99,58.6,431.8,0.108,1087.0,1040.2,600.1,46.63,Normal,Yes
2024-01-05 08:00:00,GEN09,CSMR11,29.19,71.1,432.8,0.138,990.2,664.7,405.7,59.73,Normal,No
2024-01-05 09:00:00,GEN04,CSMR10,32.02,49.6,147.1,0.092,1139.6,782.0,483.2,13.53,Normal,No
2024-01-05 10:00:00,GEN08,CSMR01,39.43,66.1,790.8,0.082,953.4,600.9,397.5,64.85,Normal,Yes
2024-01-05 11:00:00,GEN01,CSMR17,30.87,49.5,474.9,0.094,867.3,603.9,339.0,44.64,Normal,Yes
2024-01-05 12:00:00,GEN07,CSMR25,31.29,53.8,840.0,0.104,1134.6,1041.0,658.2,87.36,Normal,Yes
2024-01-05 13:00:00,GEN09,CSMR12,29.63,79.1,865.3,0.116,1019.6,1186.9,693.7,100.37,High,Yes
2024-01-05 14:00:00,GEN03,CSMR03,20.41,58.1,290.8,0.123,875.7,1270.2,720.3,35.77,Normal,Yes
2024-01-05 15:00:00,GEN10,CSMR26,29.87,62.2,691.6,0.144,1088.2,1002.7,623.1,99.59,Normal,No
2024-01-05 16:00:00,GEN08,CSMR01,30.3,68.7,525.1,0.116,1004.4,647.3,426.3,60.91,Normal,Yes
2024-01-05 17:00:00,GEN05,CSMR28,42.32,65.0,892.1,0.115,1041.7,584.5,430.3,102.59,Normal,Yes
2024-01-05 18:00:00,GEN09,CSMR08,29.04,61.5,294.2,0.084,984.4,1150.3,653.8,24.71,High,Yes
2024-01-05 19:00:00,GEN08,CSMR11,31.51,63.6,710.0,0.082,1131.5,963.0,598.7,58.22,Normal,Yes
2024-01-05 20:00:00,GEN07,CSMR22,29.83,84.0,647.0,0.119,1131.8,994.6,582.0,76.99,Normal,Yes
2024-01-05 21:00:00,GEN08,CSMR02,24.16,59.4,365.8,0.111,1083.8,1125.2,697.5,40.6,High,Yes
2024-01-05 22:00:00,GEN04,CSMR16,35.71,62.0,222.9,0.139,842.2,1062.6,594.4,30.98,Normal,No
2024-01-05 23:00:00,GEN05,CSMR24,33.76,70.5,686.5,0.091,1135.5,1167.6,662.4,62.47,High,Yes
2024-01-06 00:00:00,GEN04,CSMR07,33.96,71.1,764.7,0.082,1068.4,545.0,303.4,62.71,Normal,Yes
2024-01-06 01:00:00,GEN01,CSMR02,25.45,71.9,384.1,0.111,1078.8,1098.0,659.1,42.64,High,Yes
2024-01-06 02:00:00,GEN09,CSMR03,37.01,66.4,680.3,0.097,945.2,1180.7,689.9,65.99,High,Yes
2024-01-06 03:00:00,GEN01,CSMR05,22.99,48.6,455.6,0.083,1151.7,728.9,456.8,37.81,Normal,Yes
2024-01-06 04:00:00,GEN09,CSMR05,32.93,76.3,741.9,0.131,1090.1,1012.4,637.2,97.19,Normal,No
2024-01-06 05:00:00,GEN07,CSMR04,40.95,48.5,279.3,0.088,845.0,751.3,472.1,24.58,Normal,Yes
2024-01-06 06:00:00,GEN07,CSMR18,25.05,63.0,901.2,0.123,963.1,1266.4,807.1,110.85,Normal,Yes
2024-01-06 07:00:00,GEN08,CSMR27,27.17,52.5,358.7,0.1,1154.6,526.7,328.7,35.87,Normal,Yes
2024-01-06 08:00:00,GEN10,CSMR03,30.5,59.4,431.0,0.092,818.9,963.8,541.9,39.65,High,Yes
2024-01-06 09:00:00,GEN09,CSMR29,27.48,63.3,152.3,0.107,1184.6,633.2,420.0,16.3,Normal,No
2024-01-06 10:00:00,GEN07,CSMR19,22.25,63.2,200.4,0.136,1071.7,1069.8,621.9,27.25,Normal,No
2024-01-06 11:00:00,GEN01,CSMR01,30.34,64.2,564.3,0.107,1052.6,640.7,411.4,60.38,Normal,Yes
2024-01-06 12:00:00,GEN10,CSMR03,24.69,76.1,340.8,0.133,908.2,688.3,457.5,45.33,Normal,No
2024-01-06 13:00:00,GEN05,CSMR06,32.37,64.5,851.9,0.089,899.5,895.5,551.0,75.82,Normal,Yes
2024-01-06 14:00:00,GEN01,CSMR15,25.4,57.6,113.2,0.134,1176.8,1231.9,693.6,15.17,Normal,No
2024-01-06 15:00:00,GEN09,CSMR03,37.75,69.6,441.2,0.097,919.3,669.4,374.7,42.8,Normal,Yes
2024-01-06 16:00:00,GEN02,CSMR14,26.08,71.9,403.6,0.127,1110.2,615.4,406.9,51.26,Normal,Yes
2024-01-06 17:00:00,GEN05,CSMR02,28.39,47.7,117.4,0.12,957.2,1107.2,660.2,14.09,Normal,No
2024-01-06 18:00:00,GEN04,CSMR25,34.07,66.0,211.9,0.145,855.7,900.5,542.9,30.73,Normal,No
2024-01-06 19:00:00,GEN09,CSMR10,23.85,67.0,472.3,0.107,804.3,1229.4,758.5,50.54,High,Yes
2024-01-06 20:00:00,GEN10,CSMR02,31.14,57.0,543.6,0.085,1017.7,617.3,391.8,46.21,Normal,Yes
2024-01-06 21:00:00,GEN06,CSMR04,36.54,73.8,463.9,0.081,1190.3,1016.7,618.3,37.58,Normal,Yes
2024-01-06 22:00:00,GEN07,CSMR30,21.96,58.5,577.8,0.138,947.7,686.3,404.1,79.74,Normal,No
2024-01-06 23:00:00,GEN07,CSMR03,30.92,61.3,635.6,0.117,942.9,625.4,365.9,74.37,Normal,Yes
2024-01-07 00:00:00,GEN07,CSMR26,31.3,58.3,108.9,0.134,937.6,1046.7,654.2,14.59,Normal,No
2024-01-07 01:00:00,GEN04,CSMR08,33.91,60.2,517.7,0.096,1008.2,974.9,602.3,49.7,Normal,Yes
2024-01-07 02:00:00,GEN09,CSMR25,23.82,49.0,967.1,0.104,976.3,1103.9,654.5,100.58,High,Yes
2024-01-07 03:00:00,GEN05,CSMR04,23.4,45.6,567.1,0.082,1152.0,747.6,481.1,46.5,Normal,Yes
2024-01-07 04:00:00,GEN10,CSMR10,32.61,75.9,709.8,0.147,1002.2,858.4,510.1,104.34,Normal,No
2024-01-07 05:00:00,GEN03,CSMR23,31.48,51.5,380.7,0.127,1003.1,824.4,470.2,48.35,Normal,Yes
2024-01-07 06:00:00,GEN05,CSMR15,31.25,50.1,796.6,0.145,855.3,1287.3,750.9,115.51,Normal,No
2024-01-07 07:00:00,GEN02,CSMR18,31.73,38.5,795.6,0.099,1193.1,733.8,413.4,78.76,Normal,Yes
2024-01-07 08:00:00,GEN09,CSMR25,26.6,53.6,569.2,0.123,900.0,735.9,433.3,70.01,Normal,Yes
2024-01-07 09:00:00,GEN08,CSMR04,31.16,46.8,978.4,0.127,829.3,783.6,508.7,124.26,Normal,Yes
2024-01-07 10:00:00,GEN05,CSMR15,31.47,76.4,213.0,0.102,1065.3,951.7,545.5,21.73,Normal,Yes
2024-01-07 11:00:00,GEN07,CSMR25,26.43,70.1,115.3,0.139,1038.1,701.9,425.1,16.03,Normal,No
2024-01-07 12:00:00,GEN10,CSMR08,39.33,53.1,793.1,0.146,966.1,1232.2,722.2,115.79,Normal,No
2024-01-07 13:00:00,GEN10,CSMR21,32.37,82.5,826.4,0.142,968.9,712.5,417.9,117.35,Normal,No
2024-01-07 14:00:00,GEN05,CSMR23,24.04,69.8,208.2,0.132,1114.0,1216.7,682.5,27.48,Normal,No
2024-01-07 15:00:00,GEN07,CSMR01,33.28,56.8,339.0,0.099,878.3,582.8,344.0,33.56,Normal,Yes
2024-01-07 16:00:00,GEN03,CSMR15,25.13,35.0,115.8,0.1,1128.1,1025.3,610.9,11.58,Normal,No
2024-01-07 17:00:00,GEN06,CSMR26,33.94,82.9,364.0,0.147,1059.5,1225.6,750.1,53.51,Normal,No
2024-01-07 18:00:00,GEN06,CSMR04,35.79,46.1,795.8,0.081,967.6,635.0,390.2,64.46,Normal,Yes
2024-01-07 19:00:00,GEN06,CSMR17,25.9,43.5,566.2,0.13,983.2,1274.7,729.7,73.61,Normal,No
2024-01-07 20:00:00,GEN09,CSMR05,34.82,70.2,413.3,0.129,902.7,862.3,549.8,53.32,Normal,Yes
2024-01-07 21:00:00,GEN08,CSMR16,32.06,84.4,434.6,0.124,1100.8,1256.6,758.2,53.89,Normal,Yes
2024-01-07 22:00:00,GEN08,CSMR02,34.11,73.8,101.2,0.149,1005.1,1041.5,630.3,15.08,Normal,No
2024-01-07 23:00:00,GEN03,CSMR03,39.48,65.6,369.8,0.102,928.3,741.3,445.8,37.72,Normal,Yes
2024-01-08 00:00:00,GEN04,CSMR12,28.77,65.9,681.8,0.104,1038.4,650.6,374.0,70.91,Normal,Yes
2024-01-08 01:00:00,GEN02,CSMR17,26.23,68.5,976.8,0.086,1198.3,743.0,450.7,84.0,Normal,Yes
2024-01-08 02:00:00,GEN10,CSMR22,25.55,67.6,862.4,0.111,974.1,574.4,357.3,95.73,Normal,Yes
2024-01-08 03:00:00,GEN05,CSMR19,25.92,62.8,121.2,0.098,1168.3,615.1,315.6,11.88,Normal,No
2024-01-08 04:00:00,GEN07,CSMR16,29.61,61.0,908.7,0.104,938.0,583.7,333.9,94.5,Normal,Yes
2024-01-08 05:00:00,GEN04,CSMR05,31.71,59.4,804.9,0.138,821.9,838.4,495.8,111.08,Normal,No
2024-01-08 06:00:00,GEN05,CSMR24,31.38,52.5,802.3,0.145,881.7,1136.5,690.6,116.33,Normal,No
2024-01-08 07:00:00,GEN07,CSMR25,34.14,57.2,512.2,0.093,967.5,613.1,404.8,47.63,Normal,Yes
2024-01-08 08:00:00,GEN10,CSMR02,30.07,43.1,458.2,0.106,887.9,604.3,341.1,48.57,Normal,Yes
2024-01-08 09:00:00,GEN07,CSMR09,37.27,59.0,372.6,0.145,800.1,1014.7,595.4,54.03,Normal,No
2024-01-08 10:00:00,GEN07,CSMR02,28.68,50.1,159.1,0.084,1166.0,657.7,380.0,13.36,Normal,No
2024-01-08 11:00:00,GEN02,CSMR13,43.6,49.0,305.4,0.086,1137.6,578.1,326.6,26.26,Normal,Yes
2024-01-08 12:00:00,GEN07,CSMR18,33.13,61.8,321.9,0.091,1096.9,633.5,370.1,29.29,Normal,Yes
2024-01-08 13:00:00,GEN08,CSMR09,25.71,73.9,535.7,0.122,867.1,1239.0,764.3,65.36,Normal,Yes
2024-01-08 14:00:00,GEN01,CSMR16,24.65,69.2,772.7,0.091,848.1,1157.2,660.7,70.32,High,Yes
2024-01-08 15:00:00,GEN06,CSMR03,32.41,44.3,526.4,0.148,827.0,783.3,484.9,77.91,Normal,No
2024-01-08 16:00:00,GEN09,CSMR13,28.88,50.1,152.1,0.111,1089.6,1024.7,564.5,16.88,Normal,No
2024-01-08 17:00:00,GEN01,CSMR29,33.57,69.4,962.0,0.115,1171.5,929.8,540.8,110.63,Normal,Yes
2024-01-08 18:00:00,GEN07,CSMR27,32.37,50.2,948.5,0.097,972.2,1041.7,616.6,92.0,High,Yes
2024-01-08 19:00:00,GEN04,CSMR28,29.64,57.8,806.7,0.113,847.7,1046.1,678.1,91.16,High,Yes
2024-01-08 20:00:00,GEN04,CSMR07,25.77,65.5,992.2,0.126,1005.0,1003.0,592.2,125.02,Normal,Yes
2024-01-08 21:00:00,GEN10,CSMR23,22.43,50.3,590.0,0.133,939.5,712.9,361.2,78.47,Normal,No
2024-01-08 22:00:00,GEN06,CSMR21,27.77,61.1,966.5,0.133,949.9,531.2,258.2,128.54,Normal,No
2024-01-08 23:00:00,GEN08,CSMR05,34.28,46.7,168.0,0.12,1048.5,864.5,521.9,20.16,Normal,No
2024-01-09 00:00:00,GEN03,CSMR01,31.07,54.0,429.1,0.143,1087.5,1212.8,746.9,61.36,Normal,No
2024-01-09 01:00:00,GEN08,CSMR04,23.77,63.2,302.8,0.137,844.2,955.6,583.1,41.48,Normal,No
2024-01-09 02:00:00,GEN10,CSMR29,30.87,44.1,276.2,0.133,814.2,1165.9,706.3,36.73,Normal,No
2024-01-09 03:00:00,GEN03,CSMR27,31.93,64.4,226.7,0.084,1197.7,1293.3,810.8,19.04,High,Yes
2024-01-09 04:00:00,GEN07,CSMR29,25.58,59.8,660.2,0.08,893.1,630.9,361.5,52.82,Normal,Yes
2024-01-09 05:00:00,GEN06,CSMR21,30.77,65.5,803.2,0.095,821.5,1053.4,658.5,76.3,High,Yes
2024-01-09 06:00:00,GEN03,CSMR26,30.29,62.2,620.5,0.126,876.0,1039.4,574.5,78.18,Normal,Yes
2024-01-09 07:00:00,GEN09,CSMR29,24.29,73.6,232.3,0.109,815.6,1284.0,740.7,25.32,High,Yes
2024-01-09 08:00:00,GEN04,CSMR24,31.79,61.3,830.0,0.108,956.7,1288.5,719.1,89.64,High,Yes
2024-01-09 09:00:00,GEN09,CSMR08,32.8,55.7,672.4,0.142,1121.0,1049.3,622.3,95.48,Normal,No
2024-01-09 10:00:00,GEN09,CSMR11,35.42,61.2,449.3,0.143,936.5,694.9,416.5,64.25,Normal,No
2024-01-09 11:00:00,GEN08,CSMR30,35.27,65.4,706.7,0.144,977.7,1138.8,687.2,101.76,Normal,No
2024-01-09 12:00:00,GEN03,CSMR19,23.11,60.5,333.9,0.102,1070.2,585.6,351.8,34.06,Normal,Yes
2024-01-09 13:00:00,GEN01,CSMR25,25.31,60.4,410.7,0.128,1003.6,1124.6,646.0,52.57,Normal,Yes
2024-01-09 14:00:00,GEN03,CSMR29,32.58,53.0,925.7,0.099,1144.6,1228.2,732.4,91.64,High,Yes
2024-01-09 15:00:00,GEN09,CSMR30,32.57,53.4,361.5,0.093,1146.4,806.3,440.0,33.62,Normal,Yes
2024-01-09 16:00:00,GEN08,CSMR03,32.58,46.0,523.0,0.093,804.0,1004.5,645.5,48.64,High,Yes
2024-01-09 17:00:00,GEN06,CSMR05,49.26,77.5,901.1,0.104,1111.2,844.1,499.5,93.71,Normal,Yes
2024-01-09 18:00:00,GEN01,CSMR24,32.85,47.6,736.9,0.11,984.3,850.2,497.3,81.06,Normal,Yes
2024-01-09 19:00:00,GEN06,CSMR23,35.68,53.1,156.0,0.138,1195.5,748.3,498.5,21.53,Normal,No
2024-01-09 20:00:00,GEN06,CSMR19,34.77,52.8,232.6,0.088,993.3,1109.7,630.2,20.47,High,Yes
2024-01-09 21:00:00,GEN10,CSMR09,33.26,68.9,107.1,0.131,1194.8,1248.9,715.3,14.03,Normal,No
2024-01-09 22:00:00,GEN05,CSMR26,28.42,57.1,667.8,0.117,1101.8,1252.6,718.6,78.13,High,Yes
2024-01-09 23:00:00,GEN02,CSMR15,33.79,72.5,502.9,0.1,899.4,639.8,381.4,50.29,Normal,Yes
2024-01-10 00:00:00,GEN07,CSMR12,26.14,53.3,220.8,0.114,1015.4,1199.8,732.7,25.17,High,Yes
2024-01-10 01:00:00,GEN04,CSMR08,28.82,62.8,962.1,0.101,1196.9,1089.9,675.6,97.17,Normal,Yes
2024-01-10 02:00:00,GEN04,CSMR04,27.57,51.6,576.7,0.122,1143.0,702.3,498.9,70.36,Normal,Yes
2024-01-10 03:00:00,GEN01,CSMR21,30.41,81.5,317.7,0.11,838.9,553.8,262.7,34.95,Normal,Yes
2024-01-10 04:00:00,GEN07,CSMR19,41.57,48.1,550.5,0.092,1082.5,714.4,450.4,50.65,Normal,Yes
2024-01-10 05:00:00,GEN02,CSMR16,20.66,63.1,711.7,0.088,938.2,1229.8,719.0,62.63,High,Yes
2024-01-10 06:00:00,GEN03,CSMR11,33.43,66.3,168.6,0.118,802.8,1006.5,586.4,19.89,High,No
2024-01-10 07:00:00,GEN10,CSMR08,21.94,64.1,347.2,0.143,961.4,1076.8,625.5,49.65,Normal,No
2024-01-10 08:00:00,GEN06,CSMR05,27.64,58.1,826.3,0.104,893.9,705.7,395.9,85.94,Normal,Yes
2024-01-10 09:00:00,GEN10,CSMR25,35.44,58.7,513.7,0.131,1127.5,1075.5,697.1,67.29,Normal,No
2024-01-10 10:00:00,GEN05,CSMR01,30.32,60.4,591.9,0.126,934.9,522.5,338.8,74.58,Normal,Yes
2024-01-10 11:00:00,GEN01,CSMR08,24.61,58.5,489.5,0.145,1131.0,800.3,479.9,70.98,Normal,No
2024-01-10 12:00:00,GEN01,CSMR12,26.42,69.6,139.5,0.137,800.2,1001.4,639.7,19.11,Normal,No
2024-01-10 13:00:00,GEN06,CSMR25,33.4,82.1,249.2,0.12,923.1,616.9,323.2,29.9,Normal,Yes
2024-01-10 14:00:00,GEN04,CSMR06,26.35,54.4,501.0,0.126,896.5,1158.4,654.9,63.13,Normal,Yes
2024-01-10 15:00:00,GEN07,CSMR01,31.08,46.3,288.3,0.143,893.4,688.0,349.0,41.23,Normal,No
2024-01-10 16:00:00,GEN02,CSMR29,30.23,59.1,145.0,0.108,827.3,1021.8,592.2,15.66,High,No
2024-01-10 17:00:00,GEN07,CSMR21,26.74,85.8,859.3,0.103,874.8,824.2,496.1,88.51,Normal,Yes
2024-01-10 18:00:00,GEN03,CSMR05,40.72,52.0,983.1,0.081,1022.2,976.8,592.1,79.63,Normal,Yes
2024-01-10 19:00:00,GEN01,CSMR05,33.17,76.4,813.8,0.138,916.5,586.0,355.1,112.3,Normal,No
2024-01-10 20:00:00,GEN05,CSMR02,19.87,76.8,868.4,0.136,967.0,513.5,262.1,118.1,Normal,No
2024-01-10 21:00:00,GEN10,CSMR10,30.93,54.5,317.8,0.087,950.7,1227.7,761.5,27.65,High,Yes
2024-01-10 22:00:00,GEN02,CSMR30,26.69,65.7,964.6,0.12,1150.4,715.7,435.4,115.75,Normal,Yes
2024-01-10 23:00:00,GEN07,CSMR09,34.26,76.3,277.2,0.112,1162.1,1155.7,714.6,31.05,Normal,Yes
2024-01-11 00:00:00,GEN02,CSMR06,26.04,56.2,956.3,0.088,997.2,1299.5,722.5,84.15,High,Yes
2024-01-11 01:00:00,GEN09,CSMR21,29.43,58.0,995.3,0.149,932.1,669.1,410.9,148.3,Normal,No
2024-01-11 02:00:00,GEN08,CSMR07,32.52,54.2,740.6,0.095,842.7,712.1,392.7,70.36,Normal,Yes
2024-01-11 03:00:00,GEN09,CSMR17,34.33,49.9,983.0,0.085,1181.4,1030.3,608.1,83.56,Normal,Yes
2024-01-11 04:00:00,GEN01,CSMR12,24.0,53.5,612.6,0.122,824.1,1272.4,778.9,74.74,Normal,Yes
2024-01-11 05:00:00,GEN04,CSMR26,28.33,47.8,333.6,0.132,919.1,1232.7,743.2,44.04,Normal,No
2024-01-11 06:00:00,GEN04,CSMR07,27.63,60.3,493.3,0.082,919.2,902.3,515.3,40.45,Normal,Yes
2024-01-11 07:00:00,GEN10,CSMR04,26.73,52.3,634.2,0.126,928.2,1136.1,682.0,79.91,Normal,Yes
2024-01-11 08:00:00,GEN08,CSMR14,38.83,62.3,165.8,0.117,865.7,608.6,320.7,19.4,Normal,No
2024-01-11 09:00:00,GEN07,CSMR08,32.02,44.4,660.1,0.087,1113.3,1282.0,805.7,57.43,High,Yes
2024-01-11 10:00:00,GEN01,CSMR22,23.7,63.3,983.1,0.092,849.0,1271.5,755.2,90.45,High,Yes
2024-01-11 11:00:00,GEN08,CSMR30,34.59,68.3,271.1,0.12,1054.0,631.0,412.2,32.53,Normal,Yes
2024-01-11 12:00:00,GEN03,CSMR24,40.61,40.1,813.3,0.101,849.5,739.5,432.0,82.14,Normal,Yes
2024-01-11 13:00:00,GEN10,CSMR13,35.16,63.7,917.1,0.146,828.2,580.1,333.0,133.9,Normal,No
2024-01-11 14:00:00,GEN07,CSMR11,22.4,72.3,949.3,0.137,1163.8,717.4,404.8,130.05,Normal,No
2024-01-11 15:00:00,GEN06,CSMR06,27.58,47.9,964.1,0.149,876.1,1152.8,718.7,143.65,Normal,No
2024-01-11 16:00:00,GEN05,CSMR12,36.33,76.7,569.3,0.098,1128.5,802.7,459.9,55.79,Normal,Yes
2024-01-11 17:00:00,GEN06,CSMR22,26.46,64.2,979.6,0.148,1017.9,570.7,360.6,144.98,Normal,No
2024-01-11 18:00:00,GEN10,CSMR23,32.22,52.9,781.6,0.11,831.1,773.8,454.0,85.98,Normal,Yes
2024-01-11 19:00:00,GEN03,CSMR07,33.87,59.4,245.5,0.104,1182.2,1285.1,712.6,25.53,High,Yes
2024-01-11 20:00:00,GEN01,CSMR27,25.37,65.6,529.2,0.084,898.8,1003.7,583.6,44.45,High,Yes
2024-01-11 21:00:00,GEN03,CSMR15,29.7,60.8,746.5,0.084,1143.9,832.9,464.2,62.71,Normal,Yes
2024-01-11 22:00:00,GEN06,CSMR13,13.79,65.4,322.6,0.128,867.5,633.2,377.2,41.29,Normal,Yes
2024-01-11 23:00:00,GEN03,CSMR11,24.88,50.8,676.6,0.112,1141.6,1288.9,737.5,75.78,High,Yes
2024-01-12 00:00:00,GEN04,CSMR18,28.74,61.7,699.9,0.096,805.3,1156.7,721.4,67.19,High,Yes
2024-01-12 01:00:00,GEN10,CSMR26,23.76,45.9,246.4,0.123,1004.7,725.2,432.5,30.31,Normal,Yes
2024-01-12 02:00:00,GEN09,CSMR06,38.16,58.9,608.6,0.098,1107.8,556.1,330.1,59.64,Normal,Yes
2024-01-12 03:00:00,GEN09,CSMR12,22.85,51.0,794.5,0.12,1173.9,545.3,346.3,95.34,Normal,Yes
2024-01-12 04:00:00,GEN08,CSMR08,27.8,52.6,549.0,0.105,1163.7,596.3,387.0,57.64,Normal,Yes
2024-01-12 05:00:00,GEN05,CSMR28,30.65,72.4,110.9,0.138,1127.8,964.6,577.0,15.3,Normal,No
2024-01-12 06:00:00,GEN04,CSMR08,37.21,70.9,108.1,0.137,1155.3,1243.0,723.0,14.81,Normal,No
2024-01-12 07:00:00,GEN02,CSMR22,22.82,66.1,421.3,0.113,879.7,897.4,483.2,47.61,High,Yes
2024-01-12 08:00:00,GEN01,CSMR29,35.82,49.1,933.6,0.105,913.7,1174.4,686.3,98.03,High,Yes
2024-01-12 09:00:00,GEN08,CSMR21,30.05,56.8,305.8,0.105,915.6,856.7,495.8,32.11,Normal,Yes
2024-01-12 10:00:00,GEN01,CSMR25,25.09,72.1,670.9,0.136,950.8,1066.9,641.2,91.24,Normal,No
2024-01-12 11:00:00,GEN03,CSMR30,32.31,61.4,299.9,0.103,957.3,1085.5,641.3,30.89,High,Yes
2024-01-12 12:00:00,GEN10,CSMR03,31.0,83.2,389.5,0.095,1017.8,639.2,402.0,37.0,Normal,Yes
2024-01-12 13:00:00,GEN06,CSMR09,27.0,63.9,863.2,0.086,864.0,789.0,454.0,74.24,Normal,Yes
2024-01-12 14:00:00,GEN10,CSMR11,30.35,61.9,756.0,0.113,1076.5,1009.8,604.0,85.43,Normal,Yes
2024-01-12 15:00:00,GEN05,CSMR24,28.07,56.9,185.9,0.114,867.0,556.6,369.4,21.19,Normal,No
2024-01-12 16:00:00,GEN04,CSMR28,30.57,61.3,485.8,0.139,924.1,789.2,483.8,67.53,Normal,No
2024-01-12 17:00:00,GEN07,CSMR10,33.31,58.5,126.3,0.095,1001.3,927.8,555.7,12.0,Normal,No
2024-01-12 18:00:00,GEN02,CSMR06,37.93,67.1,532.8,0.107,1118.6,1297.0,761.0,57.01,High,Yes
2024-01-12 19:00:00,GEN05,CSMR10,23.81,69.6,696.2,0.137,1095.8,879.6,506.6,95.38,Normal,No
2024-01-12 20:00:00,GEN04,CSMR06,40.67,52.1,206.7,0.138,1058.2,1152.8,669.1,28.52,Normal,No
2024-01-12 21:00:00,GEN03,CSMR11,20.24,46.7,360.0,0.107,862.3,845.7,490.6,38.52,Normal,Yes
2024-01-12 22:00:00,GEN01,CSMR16,29.24,41.6,458.1,0.112,1018.8,1137.1,706.6,51.31,High,Yes
2024-01-12 23:00:00,GEN02,CSMR29,32.94,65.1,927.6,0.101,835.0,976.3,579.2,93.69,High,Yes
2024-01-13 00:00:00,GEN04,CSMR25,31.4,49.0,993.9,0.145,950.9,1209.3,686.5,144.12,Normal,No
2024-01-13 01:00:00,GEN06,CSMR19,26.89,38.5,140.4,0.088,965.4,828.8,551.9,12.36,Normal,No
2024-01-13 02:00:00,GEN06,CSMR09,28.96,63.9,784.9,0.145,815.9,983.4,599.0,113.81,Normal,No
2024-01-13 03:00:00,GEN09,CSMR02,27.53,84.9,434.6,0.128,909.6,1004.0,557.2,55.63,Normal,Yes
2024-01-13 04:00:00,GEN09,CSMR23,27.05,59.9,453.2,0.117,1182.3,833.9,486.5,53.02,Normal,Yes
2024-01-13 05:00:00,GEN04,CSMR12,34.25,68.4,778.8,0.082,1181.5,615.4,372.6,63.86,Normal,Yes
2024-01-13 06:00:00,GEN05,CSMR05,31.79,60.8,926.6,0.113,940.9,574.8,396.3,104.71,Normal,Yes
2024-01-13 07:00:00,GEN01,CSMR28,26.54,59.0,955.8,0.109,817.2,513.3,274.1,104.18,Normal,Yes
2024-01-13 08:00:00,GEN03,CSMR06,34.5,69.2,619.4,0.091,871.6,1198.8,748.5,56.37,High,Yes
2024-01-13 09:00:00,GEN03,CSMR29,31.54,57.1,421.4,0.126,956.9,689.2,456.1,53.1,Normal,Yes
2024-01-13 10:00:00,GEN05,CSMR28,34.06,62.7,808.8,0.148,1179.1,669.2,383.2,119.7,Normal,No
2024-01-13 11:00:00,GEN09,CSMR11,33.15,63.2,325.9,0.119,856.5,1088.8,645.3,38.78,High,Yes
2024-01-13 12:00:00,GEN07,CSMR03,25.86,53.3,607.7,0.13,1105.4,756.0,422.4,79.0,Normal,No
2024-01-13 13:00:00,GEN08,CSMR22,27.2,69.9,422.7,0.085,843.5,904.8,535.2,35.93,High,Yes
2024-01-13 14:00:00,GEN05,CSMR01,33.74,58.3,691.0,0.109,1192.5,630.0,377.8,75.32,Normal,Yes
2024-01-13 15:00:00,GEN04,CSMR13,33.05,52.4,316.4,0.088,952.6,1267.8,781.8,27.84,High,Yes
2024-01-13 16:00:00,GEN07,CSMR14,29.9,65.4,272.4,0.123,1110.1,1181.3,740.9,33.51,Normal,Yes
2024-01-13 17:00:00,GEN04,CSMR11,30.59,51.0,926.4,0.146,937.0,1191.0,693.2,135.25,Normal,No
2024-01-13 18:00:00,GEN06,CSMR04,36.39,60.3,191.6,0.126,1051.1,825.4,437.5,24.14,Normal,No
2024-01-13 19:00:00,GEN01,CSMR19,27.04,59.9,555.4,0.085,876.8,1109.9,664.7,47.21,High,Yes
2024-01-13 20:00:00,GEN06,CSMR13,32.74,70.9,298.8,0.105,858.4,615.1,377.3,31.37,Normal,Yes
2024-01-13 21:00:00,GEN05,CSMR01,28.99,64.7,135.0,0.119,1175.2,506.9,311.0,16.06,Normal,No
2024-01-13 22:00:00,GEN09,CSMR05,28.91,59.7,132.4,0.108,1167.1,516.0,299.6,14.3,Normal,No
2024-01-13 23:00:00,GEN08,CSMR27,35.49,68.2,257.7,0.138,1155.0,969.3,585.6,35.56,Normal,No
2024-01-14 00:00:00,GEN02,CSMR11,34.13,73.9,880.1,0.137,1050.2,864.3,563.5,120.57,Normal,No
2024-01-14 01:00:00,GEN04,CSMR27,34.07,65.6,354.2,0.123,1123.3,914.4,560.3,43.57,Normal,Yes
2024-01-14 02:00:00,GEN06,CSMR25,36.53,60.1,955.4,0.106,827.6,506.0,293.7,101.27,Normal,Yes
2024-01-14 03:00:00,GEN03,CSMR01,30.11,46.9,623.5,0.098,933.9,838.1,489.2,61.1,Normal,Yes
2024-01-14 04:00:00,GEN09,CSMR30,33.41,49.3,493.0,0.087,925.5,1074.5,641.4,42.89,High,Yes
2024-01-14 05:00:00,GEN04,CSMR15,28.45,56.9,622.1,0.105,1054.3,854.2,561.6,65.32,Normal,Yes
2024-01-14 06:00:00,GEN10,CSMR02,31.62,53.9,565.0,0.109,942.4,1085.8,646.9,61.58,High,Yes
2024-01-14 07:00:00,GEN06,CSMR14,29.35,58.1,782.9,0.127,859.4,686.4,411.3,99.43,Normal,Yes
2024-01-14 08:00:00,GEN08,CSMR07,30.48,60.6,354.2,0.126,1038.6,1150.5,675.9,44.63,Normal,Yes
2024-01-14 09:00:00,GEN03,CSMR23,32.98,65.3,417.7,0.085,1125.8,970.7,615.5,35.5,Normal,Yes
2024-01-14 10:00:00,GEN09,CSMR13,25.91,59.3,904.7,0.108,952.8,668.6,459.2,97.71,Normal,Yes
2024-01-14 11:00:00,GEN05,CSMR27,40.46,64.9,951.8,0.093,852.9,689.4,428.8,88.52,Normal,Yes
2024-01-14 12:00:00,GEN09,CSMR01,24.97,60.6,903.3,0.091,878.7,1002.4,602.9,82.2,High,Yes
2024-01-14 13:00:00,GEN04,CSMR18,23.93,40.2,477.5,0.138,895.0,1164.0,700.3,65.9,Normal,No
2024-01-14 14:00:00,GEN05,CSMR12,35.79,50.6,802.3,0.083,920.0,832.5,430.1,66.59,Normal,Yes
2024-01-14 15:00:00,GEN05,CSMR15,33.96,58.6,528.7,0.109,1057.1,706.6,447.2,57.63,Normal,Yes
2024-01-14 16:00:00,GEN02,CSMR12,33.12,47.9,547.8,0.092,1040.4,1193.6,722.0,50.4,High,Yes
2024-01-14 17:00:00,GEN02,CSMR06,33.14,66.0,284.2,0.142,1078.4,1035.4,634.1,40.36,Normal,No
2024-01-14 18:00:00,GEN06,CSMR08,29.94,75.3,632.0,0.119,945.0,858.5,492.2,75.21,Normal,Yes
2024-01-14 19:00:00,GEN08,CSMR06,25.51,72.2,267.5,0.096,1129.6,890.3,520.5,25.68,Normal,Yes
2024-01-14 20:00:00,GEN10,CSMR28,30.38,57.9,398.4,0.115,881.6,663.4,386.0,45.82,Normal,Yes
2024-01-14 21:00:00,GEN05,CSMR16,26.61,74.9,869.5,0.131,987.6,1001.4,629.3,113.9,Normal,No
2024-01-14 22:00:00,GEN03,CSMR10,34.88,61.5,286.4,0.147,1120.4,787.0,461.7,42.1,Normal,No
2024-01-14 23:00:00,GEN07,CSMR10,29.26,56.6,164.0,0.095,872.1,1296.5,840.6,15.58,High,No
2024-01-15 00:00:00,GEN03,CSMR08,25.87,53.9,162.1,0.142,843.9,884.1,543.2,23.02,Normal,No
2024-01-15 01:00:00,GEN01,CSMR21,28.39,57.0,946.7,0.145,1153.5,888.7,494.9,137.27,Normal,No
2024-01-15 02:00:00,GEN04,CSMR28,32.06,56.1,556.2,0.144,937.2,952.7,568.6,80.09,Normal,No
2024-01-15 03:00:00,GEN02,CSMR26,27.18,61.7,468.5,0.124,1073.5,1233.4,719.8,58.09,Normal,Yes
2024-01-15 04:00:00,GEN10,CSMR18,25.89,61.6,829.8,0.124,810.1,1140.7,617.6,102.9,Normal,Yes
2024-01-15 05:00:00,GEN06,CSMR23,31.22,60.0,852.2,0.108,1076.0,860.9,564.8,92.04,Normal,Yes
2024-01-15 06:00:00,GEN02,CSMR02,31.22,64.4,399.0,0.133,926.4,1075.0,665.9,53.07,Normal,No
2024-01-15 07:00:00,GEN05,CSMR17,27.47,71.9,724.3,0.117,822.3,969.0,595.7,84.74,High,Yes
2024-01-15 08:00:00,GEN10,CSMR25,27.64,69.5,794.0,0.127,1043.9,893.9,539.9,100.84,Normal,Yes
2024-01-15 09:00:00,GEN05,CSMR09,31.16,45.2,689.2,0.11,896.3,653.9,352.6,75.81,Normal,Yes
2024-01-15 10:00:00,GEN01,CSMR20,22.76,34.5,236.4,0.131,954.7,871.1,509.3,30.97,Normal,No
2024-01-15 11:00:00,GEN02,CSMR13,22.96,69.3,888.3,0.138,832.2,696.7,440.9,122.59,Normal,No
2024-01-15 12:00:00,GEN07,CSMR20,26.41,46.3,585.2,0.09,858.9,1231.9,708.3,52.67,High,Yes
2024-01-15 13:00:00,GEN04,CSMR26,28.93,57.8,354.2,0.138,919.2,768.3,385.0,48.88,Normal,No
2024-01-15 14:00:00,GEN04,CSMR20,31.55,48.3,482.7,0.118,835.9,1261.8,751.7,56.96,High,Yes
2024-01-15 15:00:00,GEN05,CSMR09,37.38,42.0,133.8,0.139,1164.3,926.4,554.9,18.6,Normal,No
2024-01-15 16:00:00,GEN07,CSMR02,34.29,65.4,215.1,0.11,802.4,1005.2,607.5,23.66,High,Yes
2024-01-15 17:00:00,GEN02,CSMR03,29.2,67.6,789.0,0.107,993.5,934.4,581.6,84.42,Normal,Yes
2024-01-15 18:00:00,GEN09,CSMR11,29.9,54.2,100.0,0.144,849.3,603.5,381.8,14.4,Normal,No
2024-01-15 19:00:00,GEN09,CSMR17,24.99,34.1,474.9,0.098,923.1,800.7,489.8,46.54,Normal,Yes
2024-01-15 20:00:00,GEN09,CSMR30,29.91,54.5,570.3,0.139,1170.4,579.3,384.0,79.27,Normal,No
2024-01-15 21:00:00,GEN07,CSMR11,28.56,63.9,149.2,0.114,864.7,998.4,552.8,17.01,High,No
2024-01-15 22:00:00,GEN01,CSMR22,31.61,45.2,975.8,0.116,1186.3,857.5,531.4,113.19,Normal,Yes
2024-01-15 23:00:00,GEN01,CSMR19,25.86,61.8,303.5,0.102,882.3,1122.4,691.2,30.96,High,Yes
2024-01-16 00:00:00,GEN07,CSMR22,32.6,59.8,373.8,0.12,1096.6,676.4,369.2,44.86,Normal,Yes
2024-01-16 01:00:00,GEN06,CSMR05,37.66,65.8,373.5,0.103,1018.7,631.7,334.9,38.47,Normal,Yes
2024-01-16 02:00:00,GEN04,CSMR24,29.46,61.2,307.4,0.083,1153.8,825.1,472.5,25.51,Normal,Yes
2024-01-16 03:00:00,GEN04,CSMR08,32.01,50.3,101.3,0.099,1021.6,1241.3,726.3,10.03,High,No
2024-01-16 04:00:00,GEN03,CSMR09,33.45,72.0,756.4,0.08,1013.8,1068.3,663.1,60.51,High,Yes
2024-01-16 05:00:00,GEN01,CSMR02,27.99,58.4,970.2,0.148,878.2,835.1,482.4,143.59,Normal,No
2024-01-16 06:00:00,GEN01,CSMR17,31.12,59.7,301.9,0.148,866.5,913.8,522.8,44.68,Normal,No
2024-01-16 07:00:00,GEN05,CSMR14,30.06,50.7,696.7,0.108,1166.6,567.4,323.0,75.24,Normal,Yes
2024-01-16 08:00:00,GEN08,CSMR06,30.49,55.6,767.7,0.131,931.1,1287.7,806.7,100.57,Normal,No
2024-01-16 09:00:00,GEN06,CSMR28,26.13,51.2,863.6,0.104,948.8,1033.1,620.4,89.81,High,Yes
2024-01-16 10:00:00,GEN06,CSMR07,30.12,58.3,480.4,0.127,1103.9,728.3,431.8,61.01,Normal,Yes
2024-01-16 11:00:00,GEN06,CSMR16,32.49,77.1,372.6,0.136,935.5,968.6,576.6,50.67,Normal,No
2024-01-16 12:00:00,GEN05,CSMR20,37.26,46.3,392.8,0.146,1180.8,587.6,394.1,57.35,Normal,No
2024-01-16 13:00:00,GEN09,CSMR21,34.8,43.9,741.4,0.108,1095.2,1272.7,743.7,80.07,High,Yes
2024-01-16 14:00:00,GEN10,CSMR19,40.77,74.7,835.1,0.135,1039.0,639.8,424.0,112.74,Normal,No
2024-01-16 15:00:00,GEN05,CSMR30,26.16,57.9,263.5,0.099,1152.4,1018.4,616.8,26.09,Normal,Yes
2024-01-16 16:00:00,GEN01,CSMR08,34.36,53.3,433.8,0.149,819.8,696.4,414.6,64.64,Normal,No
2024-01-16 17:00:00,GEN05,CSMR01,30.92,70.4,911.7,0.082,902.8,1074.0,718.6,74.76,High,Yes
2024-01-16 18:00:00,GEN04,CSMR27,40.95,53.9,826.0,0.122,986.0,1121.5,644.0,100.77,Normal,Yes
2024-01-16 19:00:00,GEN03,CSMR01,25.96,78.3,986.4,0.126,890.8,1038.7,610.0,124.29,Normal,Yes
2024-01-16 20:00:00,GEN07,CSMR10,25.8,66.8,778.8,0.128,1097.6,991.6,556.5,99.69,Normal,Yes
2024-01-16 21:00:00,GEN10,CSMR26,27.0,55.1,453.9,0.088,1167.7,1214.0,756.9,39.94,High,Yes
2024-01-16 22:00:00,GEN10,CSMR15,19.38,81.6,631.6,0.146,969.5,562.9,384.1,92.21,Normal,No
2024-01-16 23:00:00,GEN01,CSMR17,27.37,53.9,694.9,0.093,936.9,764.7,509.0,64.63,Normal,Yes
2024-01-17 00:00:00,GEN05,CSMR05,26.2,67.4,170.6,0.124,1184.6,698.6,454.4,21.15,Normal,No
2024-01-17 01:00:00,GEN09,CSMR23,30.75,63.0,590.0,0.096,977.9,1290.4,768.2,56.64,High,Yes
2024-01-17 02:00:00,GEN09,CSMR01,31.71,73.0,738.4,0.102,995.6,811.5,475.0,75.32,Normal,Yes
2024-01-17 03:00:00,GEN10,CSMR03,39.38,75.6,250.6,0.118,940.7,1086.1,601.8,29.57,High,Yes
2024-01-17 04:00:00,GEN04,CSMR30,34.75,60.3,802.6,0.109,1163.8,1047.8,690.7,87.48,Normal,Yes
2024-01-17 05:00:00,GEN09,CSMR18,27.12,52.5,625.4,0.091,1027.6,669.7,416.1,56.91,Normal,Yes
2024-01-17 06:00:00,GEN04,CSMR03,25.51,64.6,957.0,0.092,1104.9,691.2,398.6,88.04,Normal,Yes
2024-01-17 07:00:00,GEN10,CSMR25,32.46,53.2,138.2,0.109,1124.7,725.0,476.0,15.06,Normal,No
2024-01-17 08:00:00,GEN03,CSMR22,23.4,80.1,338.8,0.133,936.7,828.9,464.8,45.06,Normal,No
2024-01-17 09:00:00,GEN09,CSMR24,39.16,61.4,641.4,0.143,973.5,687.5,426.4,91.72,Normal,No
2024-01-17 10:00:00,GEN01,CSMR01,35.9,56.3,366.9,0.086,1139.4,515.7,305.8,31.55,Normal,Yes
2024-01-17 11:00:00,GEN03,CSMR07,27.65,61.8,743.0,0.108,945.3,1203.5,740.6,80.24,High,Yes
2024-01-17 12:00:00,GEN10,CSMR23,21.43,46.5,783.1,0.087,1117.6,1272.5,761.2,68.13,High,Yes
2024-01-17 13:00:00,GEN01,CSMR06,36.77,50.3,192.3,0.081,1176.4,773.3,422.8,15.58,Normal,No
2024-01-17 14:00:00,GEN01,CSMR15,29.43,72.0,562.5,0.126,1049.3,770.8,463.4,70.88,Normal,Yes
2024-01-17 15:00:00,GEN01,CSMR10,36.19,53.4,558.0,0.122,1096.7,505.7,336.8,68.08,Normal,Yes
2024-01-17 16:00:00,GEN05,CSMR06,22.03,49.5,432.4,0.091,1122.0,1044.2,625.1,39.35,Normal,Yes
2024-01-17 17:00:00,GEN08,CSMR12,27.0,65.4,939.6,0.096,1138.0,1160.4,718.4,90.2,High,Yes
2024-01-17 18:00:00,GEN03,CSMR30,30.03,71.9,844.8,0.082,958.0,617.3,337.8,69.27,Normal,Yes
2024-01-17 19:00:00,GEN10,CSMR04,30.23,67.2,727.5,0.138,820.5,627.7,375.2,100.4,Normal,No
2024-01-17 20:00:00,GEN03,CSMR13,27.75,70.0,742.9,0.148,960.8,1132.1,659.1,109.95,Normal,No
2024-01-17 21:00:00,GEN05,CSMR08,33.11,52.4,515.5,0.089,1069.5,993.0,619.6,45.88,Normal,Yes
2024-01-17 22:00:00,GEN09,CSMR17,24.66,45.8,928.9,0.096,980.1,535.9,322.8,89.17,Normal,Yes
2024-01-17 23:00:00,GEN07,CSMR30,29.29,75.0,725.1,0.141,1099.6,998.0,617.9,102.24,Normal,No
2024-01-18 00:00:00,GEN09,CSMR11,30.6,56.8,756.1,0.145,942.8,747.1,481.3,109.63,Normal,No
2024-01-18 01:00:00,GEN08,CSMR22,32.57,57.5,875.5,0.109,1053.9,795.0,498.5,95.43,Normal,Yes
2024-01-18 02:00:00,GEN04,CSMR12,33.56,73.3,346.7,0.084,874.6,1115.8,677.1,29.12,High,Yes
2024-01-18 03:00:00,GEN06,CSMR17,24.38,65.6,826.4,0.083,1099.7,1148.7,657.6,68.59,High,Yes
2024-01-18 04:00:00,GEN09,CSMR04,22.33,64.6,275.7,0.12,1018.3,820.3,490.1,33.08,Normal,Yes
2024-01-18 05:00:00,GEN10,CSMR09,36.39,81.7,410.8,0.108,881.6,1257.7,737.7,44.37,High,Yes
2024-01-18 06:00:00,GEN10,CSMR13,31.66,53.6,402.0,0.082,916.8,825.2,485.8,32.96,Normal,Yes
2024-01-18 07:00:00,GEN02,CSMR12,26.26,69.3,980.7,0.121,1099.4,1117.5,657.6,118.66,Normal,Yes
2024-01-18 08:00:00,GEN08,CSMR24,37.76,60.6,870.9,0.081,993.0,887.1,504.4,70.54,Normal,Yes
2024-01-18 09:00:00,GEN06,CSMR02,30.58,62.7,731.1,0.135,886.4,1218.0,671.9,98.7,Normal,No
2024-01-18 10:00:00,GEN10,CSMR01,35.9,75.3,754.4,0.101,1186.9,1226.2,715.3,76.19,High,Yes
2024-01-18 11:00:00,GEN07,CSMR13,30.34,65.1,605.9,0.083,1086.1,569.9,347.3,50.29,Normal,Yes
2024-01-18 12:00:00,GEN03,CSMR05,40.3,65.4,952.4,0.121,1182.9,1249.2,710.6,115.24,Normal,Yes
2024-01-18 13:00:00,GEN01,CSMR21,38.78,70.7,546.6,0.108,970.8,1160.4,697.4,59.03,High,Yes
2024-01-18 14:00:00,GEN03,CSMR24,28.76,56.4,442.5,0.148,990.0,1133.0,736.9,65.49,Normal,No
2024-01-18 15:00:00,GEN10,CSMR19,34.86,51.6,246.7,0.118,1159.2,660.7,428.9,29.11,Normal,Yes
2024-01-18 16:00:00,GEN02,CSMR22,33.23,49.6,807.6,0.099,1010.0,1144.1,737.5,79.95,High,Yes
2024-01-18 17:00:00,GEN10,CSMR27,36.84,40.3,761.0,0.13,1082.9,1180.1,723.1,98.93,Normal,No
2024-01-18 18:00:00,GEN08,CSMR15,25.18,80.6,445.9,0.099,900.9,731.3,470.8,44.14,Normal,Yes
2024-01-18 19:00:00,GEN01,CSMR24,33.43,49.0,122.7,0.143,978.7,1261.8,737.1,17.55,Normal,No
2024-01-18 20:00:00,GEN05,CSMR23,35.29,57.8,855.1,0.106,849.4,539.9,305.9,90.64,Normal,Yes
2024-01-18 21:00:00,GEN02,CSMR23,21.21,57.2,110.3,0.118,882.4,619.9,288.3,13.02,Normal,No
2024-01-18 22:00:00,GEN03,CSMR29,24.08,63.1,733.3,0.084,800.4,930.1,592.2,61.6,High,Yes
2024-01-18 23:00:00,GEN03,CSMR12,19.8,68.2,973.2,0.11,815.7,960.6,619.7,107.05,High,Yes
2024-01-19 00:00:00,GEN07,CSMR14,28.65,68.6,493.9,0.138,1190.9,1016.1,591.9,68.16,Normal,No
2024-01-19 01:00:00,GEN07,CSMR10,33.59,54.2,311.5,0.136,896.9,513.6,301.8,42.36,Normal,No
2024-01-19 02:00:00,GEN05,CSMR25,37.51,58.3,734.4,0.096,1065.3,1268.3,740.0,70.5,High,Yes
2024-01-19 03:00:00,GEN06,CSMR18,30.37,62.8,835.4,0.096,1135.6,535.7,332.7,80.2,Normal,Yes
2024-01-19 04:00:00,GEN10,CSMR28,38.14,57.5,591.8,0.137,1020.3,614.4,404.3,81.08,Normal,No
2024-01-19 05:00:00,GEN07,CSMR15,23.1,76.1,970.3,0.145,861.3,511.2,251.4,140.69,Normal,No
2024-01-19 06:00:00,GEN09,CSMR04,21.48,64.9,146.5,0.087,1091.2,953.5,582.2,12.75,Normal,No
2024-01-19 07:00:00,GEN04,CSMR19,29.72,67.3,554.3,0.112,1040.1,1245.8,738.4,62.08,High,Yes
2024-01-19 08:00:00,GEN05,CSMR29,31.92,66.6,746.6,0.104,1092.5,1032.8,622.8,77.65,Normal,Yes
2024-01-19 09:00:00,GEN03,CSMR27,29.84,71.7,876.4,0.141,1107.9,1158.1,707.4,123.57,Normal,No
2024-01-19 10:00:00,GEN07,CSMR01,19.66,61.8,261.3,0.086,1190.2,510.6,298.5,22.47,Normal,Yes
2024-01-19 11:00:00,GEN09,CSMR22,29.55,47.0,820.0,0.095,1029.4,933.6,558.3,77.9,Normal,Yes
2024-01-19 12:00:00,GEN02,CSMR23,23.48,64.0,597.4,0.133,936.7,867.7,512.5,79.45,Normal,No
2024-01-19 13:00:00,GEN04,CSMR05,33.35,53.5,456.9,0.084,1059.4,899.2,569.9,38.38,Normal,Yes
2024-01-19 14:00:00,GEN09,CSMR27,31.83,54.7,218.5,0.114,827.4,557.8,348.1,24.91,Normal,Yes
2024-01-19 15:00:00,GEN10,CSMR22,25.3,65.9,878.8,0.111,1159.0,1047.5,633.6,97.55,Normal,Yes
2024-01-19 16:00:00,GEN08,CSMR23,27.43,72.4,241.5,0.103,847.8,902.6,501.7,24.87,High,Yes
2024-01-19 17:00:00,GEN10,CSMR20,24.7,60.2,378.8,0.108,931.1,1112.1,654.8,40.91,High,Yes
2024-01-19 18:00:00,GEN06,CSMR19,29.69,63.1,361.0,0.117,1126.3,888.2,559.5,42.24,Normal,Yes
2024-01-19 19:00:00,GEN03,CSMR22,34.78,77.0,884.3,0.091,1038.9,619.5,372.1,80.47,Normal,Yes
2024-01-19 20:00:00,GEN03,CSMR18,25.07,62.4,705.4,0.12,957.5,1018.6,629.7,84.65,Normal,Yes
2024-01-19 21:00:00,GEN08,CSMR07,32.52,86.0,817.0,0.136,989.4,637.9,433.6,111.11,Normal,No
2024-01-19 22:00:00,GEN03,CSMR21,27.35,65.7,325.4,0.133,1141.8,1197.9,748.8,43.28,Normal,No
2024-01-19 23:00:00,GEN02,CSMR19,26.04,42.4,662.4,0.091,936.0,990.5,598.1,60.28,High,Yes
2024-01-20 00:00:00,GEN10,CSMR25,29.46,67.5,614.6,0.09,1147.9,625.8,359.3,55.31,Normal,Yes
2024-01-20 01:00:00,GEN08,CSMR20,24.82,63.8,849.5,0.099,835.3,1269.9,683.9,84.1,High,Yes
2024-01-20 02:00:00,GEN07,CSMR03,27.23,72.9,915.5,0.105,1110.7,914.7,541.9,96.13,Normal,Yes
2024-01-20 03:00:00,GEN05,CSMR11,24.01,66.7,110.9,0.109,1139.0,558.3,323.3,12.09,Normal,No
2024-01-20 04:00:00,GEN04,CSMR06,39.82,58.6,706.6,0.128,872.7,1001.5,614.7,90.44,Normal,Yes
2024-01-20 05:00:00,GEN04,CSMR08,30.18,47.8,146.7,0.084,972.1,702.6,418.2,12.32,Normal,No
2024-01-20 06:00:00,GEN10,CSMR11,26.5,57.9,594.0,0.082,866.2,1143.0,675.7,48.71,High,Yes
2024-01-20 07:00:00,GEN04,CSMR12,31.07,51.5,358.9,0.107,1082.6,1154.3,640.3,38.4,High,Yes
2024-01-20 08:00:00,GEN06,CSMR13,29.44,54.2,376.1,0.129,1014.1,1283.2,742.2,48.52,Normal,Yes
2024-01-20 09:00:00,GEN10,CSMR03,28.9,65.9,417.7,0.094,1054.1,901.5,554.4,39.26,Normal,Yes
2024-01-20 10:00:00,GEN01,CSMR13,33.07,76.7,659.2,0.125,878.6,864.0,568.8,82.4,Normal,Yes
2024-01-20 11:00:00,GEN08,CSMR27,33.79,63.9,400.6,0.098,884.7,1102.8,659.1,39.26,High,Yes
2024-01-20 12:00:00,GEN09,CSMR20,27.35,48.0,759.4,0.142,816.6,606.0,374.1,107.83,Normal,No
2024-01-20 13:00:00,GEN07,CSMR13,27.12,64.4,464.1,0.143,928.8,937.5,590.1,66.37,Normal,No
2024-01-20 14:00:00,GEN04,CSMR24,28.62,72.0,161.5,0.101,1023.9,937.0,536.4,16.31,Normal,No
2024-01-20 15:00:00,GEN01,CSMR10,18.49,53.9,805.4,0.096,1143.2,571.6,352.3,77.32,Normal,Yes
2024-01-20 16:00:00,GEN01,CSMR15,22.42,58.7,357.2,0.109,1066.8,834.4,477.0,38.93,Normal,Yes
2024-01-20 17:00:00,GEN06,CSMR14,36.83,60.1,489.5,0.097,974.2,1182.6,736.9,47.48,High,Yes
2024-01-20 18:00:00,GEN07,CSMR23,38.22,52.2,716.9,0.127,1181.2,1184.9,717.9,91.05,Normal,Yes
2024-01-20 19:00:00,GEN06,CSMR10,28.75,66.5,399.2,0.138,1087.7,579.4,355.7,55.09,Normal,No
2024-01-20 20:00:00,GEN01,CSMR28,32.88,58.8,150.9,0.127,1172.1,572.6,320.8,19.16,Normal,No
2024-01-20 21:00:00,GEN08,CSMR03,31.56,64.2,436.5,0.138,1011.0,710.2,447.2,60.24,Normal,No
2024-01-20 22:00:00,GEN09,CSMR03,45.39,51.1,950.0,0.108,903.6,1199.8,786.4,102.6,High,Yes
2024-01-20 23:00:00,GEN06,CSMR05,35.6,55.6,677.6,0.091,821.1,603.1,333.2,61.66,Normal,Yes
2024-01-21 00:00:00,GEN08,CSMR14,29.36,67.2,704.3,0.132,1090.4,1076.0,634.6,92.97,Normal,No
2024-01-21 01:00:00,GEN08,CSMR27,25.22,56.3,669.1,0.105,848.5,580.9,354.9,70.26,Normal,Yes
2024-01-21 02:00:00,GEN06,CSMR03,21.97,77.3,279.1,0.127,921.1,998.5,619.4,35.45,Normal,Yes
2024-01-21 03:00:00,GEN06,CSMR17,31.02,56.0,476.5,0.099,1013.0,784.9,454.8,47.17,Normal,Yes
2024-01-21 04:00:00,GEN07,CSMR08,26.22,62.2,775.8,0.086,1025.8,1131.1,592.7,66.72,High,Yes
2024-01-21 05:00:00,GEN02,CSMR09,22.89,69.3,191.2,0.149,1040.2,687.0,450.6,28.49,Normal,No
2024-01-21 06:00:00,GEN03,CSMR09,26.77,45.8,350.1,0.091,866.5,1011.4,630.4,31.86,High,Yes
2024-01-21 07:00:00,GEN10,CSMR08,24.59,42.4,348.7,0.149,951.9,688.5,361.5,51.96,Normal,No
2024-01-21 08:00:00,GEN06,CSMR11,38.44,44.7,488.8,0.148,1046.9,1070.9,627.5,72.34,Normal,No
2024-01-21 09:00:00,GEN05,CSMR08,34.41,72.6,982.3,0.136,1187.9,1198.9,766.0,133.59,Normal,No
2024-01-21 10:00:00,GEN06,CSMR24,29.96,54.5,160.8,0.126,1091.1,601.4,404.8,20.26,Normal,No
2024-01-21 11:00:00,GEN07,CSMR06,37.4,85.6,566.8,0.12,1169.0,1193.3,743.1,68.02,Normal,Yes
2024-01-21 12:00:00,GEN03,CSMR11,30.39,54.4,261.4,0.141,1104.9,974.9,580.3,36.86,Normal,No
2024-01-21 13:00:00,GEN03,CSMR26,25.69,61.8,973.6,0.1,1036.7,601.7,362.5,97.36,Normal,Yes
2024-01-21 14:00:00,GEN01,CSMR26,37.62,75.4,202.0,0.113,876.8,842.0,501.3,22.83,Normal,Yes
2024-01-21 15:00:00,GEN09,CSMR04,32.69,80.1,463.2,0.123,1066.7,628.7,409.6,56.97,Normal,Yes
2024-01-21 16:00:00,GEN04,CSMR20,24.81,80.6,764.1,0.109,1049.4,1060.3,606.8,83.29,High,Yes
2024-01-21 17:00:00,GEN03,CSMR23,29.05,72.1,734.1,0.11,1041.0,1107.1,638.7,80.75,High,Yes
2024-01-21 18:00:00,GEN10,CSMR04,25.62,70.2,480.5,0.103,995.9,584.6,379.2,49.49,Normal,Yes
2024-01-21 19:00:00,GEN09,CSMR12,23.09,65.9,411.9,0.119,1011.5,904.9,539.6,49.02,Normal,Yes
2024-01-21 20:00:00,GEN04,CSMR18,34.63,67.8,457.9,0.14,933.8,1151.7,732.5,64.11,Normal,No
2024-01-21 21:00:00,GEN08,CSMR24,39.55,54.5,337.8,0.094,1007.7,1248.9,731.7,31.75,High,Yes
2024-01-21 22:00:00,GEN09,CSMR28,23.01,51.8,284.8,0.145,879.0,910.8,544.3,41.3,Normal,No
2024-01-21 23:00:00,GEN10,CSMR02,32.81,60.0,534.7,0.128,1122.1,1260.2,729.0,68.44,Normal,Yes
2024-01-22 00:00:00,GEN10,CSMR26,26.75,58.3,341.7,0.138,874.3,928.6,556.9,47.15,Normal,No
2024-01-22 01:00:00,GEN03,CSMR02,27.56,55.5,358.7,0.119,834.0,815.4,444.8,42.69,Normal,Yes
2024-01-22 02:00:00,GEN02,CSMR07,27.04,67.0,691.1,0.135,974.5,1178.6,691.2,93.3,Normal,No
2024-01-22 03:00:00,GEN08,CSMR26,25.68,69.6,971.7,0.081,1063.3,894.4,491.7,78.71,Normal,Yes
2024-01-22 04:00:00,GEN06,CSMR27,30.24,60.9,643.3,0.137,975.1,877.5,547.3,88.13,Normal,No
2024-01-22 05:00:00,GEN08,CSMR14,25.85,74.8,169.3,0.083,910.7,892.2,554.5,14.05,Normal,No
2024-01-22 06:00:00,GEN01,CSMR10,31.35,48.6,168.0,0.142,1023.3,1177.4,655.9,23.86,Normal,No
2024-01-22 07:00:00,GEN10,CSMR10,29.75,58.1,956.3,0.149,938.8,1165.6,739.5,142.49,Normal,No
2024-01-22 08:00:00,GEN06,CSMR15,28.81,52.8,367.6,0.101,1173.1,822.8,569.1,37.13,Normal,Yes
2024-01-22 09:00:00,GEN04,CSMR21,25.46,41.3,182.9,0.095,1169.1,766.6,462.3,17.38,Normal,No
2024-01-22 10:00:00,GEN01,CSMR17,27.12,59.2,639.1,0.134,1000.9,893.5,516.4,85.64,Normal,No
2024-01-22 11:00:00,GEN10,CSMR27,33.78,58.8,661.3,0.098,931.2,958.2,660.5,64.81,High,Yes
2024-01-22 12:00:00,GEN01,CSMR13,32.5,75.1,683.7,0.141,1094.9,690.7,373.8,96.4,Normal,No
2024-01-22 13:00:00,GEN04,CSMR14,25.11,66.3,340.7,0.087,814.7,1135.2,680.1,29.64,High,Yes
2024-01-22 14:00:00,GEN06,CSMR11,30.5,49.8,113.6,0.089,989.9,889.2,540.0,10.11,Normal,No
2024-01-22 15:00:00,GEN10,CSMR20,33.76,78.5,968.5,0.149,934.5,767.2,499.6,144.31,Normal,No
2024-01-22 16:00:00,GEN03,CSMR05,21.65,72.2,325.8,0.127,1168.2,585.5,359.2,41.38,Normal,Yes
2024-01-22 17:00:00,GEN06,CSMR01,32.72,65.8,708.4,0.139,804.8,691.1,399.7,98.47,Normal,No
2024-01-22 18:00:00,GEN05,CSMR17,26.69,57.7,736.0,0.103,1021.1,1259.4,726.7,75.81,High,Yes
2024-01-22 19:00:00,GEN08,CSMR14,32.85,50.4,649.0,0.127,1096.3,744.1,437.7,82.42,Normal,Yes
2024-01-22 20:00:00,GEN04,CSMR05,26.18,56.3,381.6,0.122,994.0,635.1,350.5,46.56,Normal,Yes
2024-01-22 21:00:00,GEN07,CSMR30,20.98,70.9,344.0,0.122,834.2,868.5,519.6,41.97,Normal,Yes
2024-01-22 22:00:00,GEN03,CSMR06,21.86,78.8,637.9,0.128,1189.0,745.7,427.0,81.65,Normal,Yes
2024-01-22 23:00:00,GEN08,CSMR17,30.24,75.4,879.5,0.12,1007.2,528.1,270.5,105.54,Normal,Yes
2024-01-23 00:00:00,GEN04,CSMR21,31.3,55.1,952.1,0.11,1045.7,758.5,493.5,104.73,Normal,Yes
2024-01-23 01:00:00,GEN06,CSMR18,25.48,48.8,195.3,0.099,894.6,935.3,546.5,19.33,High,No
2024-01-23 02:00:00,GEN07,CSMR20,33.19,61.4,239.3,0.134,993.4,941.4,527.3,32.07,Normal,No
2024-01-23 03:00:00,GEN02,CSMR08,21.69,42.3,950.3,0.096,971.7,785.2,466.2,91.23,Normal,Yes
2024-01-23 04:00:00,GEN01,CSMR15,29.67,63.2,762.9,0.128,830.0,857.8,516.3,97.65,Normal,Yes
2024-01-23 05:00:00,GEN05,CSMR28,23.94,58.5,894.7,0.096,842.5,1272.4,710.0,85.89,High,Yes
2024-01-23 06:00:00,GEN05,CSMR07,26.74,55.3,282.4,0.124,1135.0,801.9,490.9,35.02,Normal,Yes
2024-01-23 07:00:00,GEN03,CSMR17,30.24,44.1,628.8,0.132,895.9,706.6,394.2,83.0,Normal,No
2024-01-23 08:00:00,GEN08,CSMR30,25.7,65.1,731.0,0.095,878.0,694.8,466.8,69.45,Normal,Yes
2024-01-23 09:00:00,GEN09,CSMR18,28.08,54.7,712.1,0.084,1002.0,866.2,535.6,59.82,Normal,Yes
2024-01-23 10:00:00,GEN02,CSMR13,35.03,48.3,467.3,0.089,1107.5,1107.6,654.7,41.59,High,Yes
2024-01-23 11:00:00,GEN10,CSMR01,27.12,31.3,113.9,0.122,824.8,664.8,378.8,13.9,Normal,No
2024-01-23 12:00:00,GEN10,CSMR22,34.18,59.7,624.6,0.139,1030.7,1067.4,638.2,86.82,Normal,No
2024-01-23 13:00:00,GEN06,CSMR08,24.35,77.7,327.8,0.083,847.7,516.9,325.6,27.21,Normal,Yes
2024-01-23 14:00:00,GEN08,CSMR03,32.65,76.6,505.2,0.131,814.6,835.1,499.2,66.18,Normal,No
2024-01-23 15:00:00,GEN08,CSMR02,37.21,55.4,961.8,0.104,821.1,1120.7,667.8,100.03,High,Yes
2024-01-23 16:00:00,GEN10,CSMR05,17.64,54.0,459.1,0.113,1133.7,771.0,462.5,51.88,Normal,Yes
2024-01-23 17:00:00,GEN01,CSMR16,26.02,64.7,855.8,0.145,847.2,951.0,551.2,124.09,Normal,No
2024-01-23 18:00:00,GEN10,CSMR02,32.89,50.0,269.7,0.103,818.1,664.0,389.7,27.78,Normal,Yes
2024-01-23 19:00:00,GEN08,CSMR21,28.98,63.0,705.2,0.113,975.2,1093.6,593.1,79.69,High,Yes
2024-01-23 20:00:00,GEN03,CSMR08,31.86,67.7,979.3,0.081,1137.6,541.8,353.9,79.32,Normal,Yes
2024-01-23 21:00:00,GEN04,CSMR10,26.98,72.3,191.7,0.086,905.0,1182.0,716.3,16.49,High,No
2024-01-23 22:00:00,GEN06,CSMR26,30.43,59.0,107.5,0.098,968.7,658.6,372.1,10.54,Normal,No
2024-01-23 23:00:00,GEN06,CSMR06,29.22,58.0,490.2,0.082,816.0,1199.5,776.7,40.2,High,Yes
2024-01-24 00:00:00,GEN06,CSMR12,35.84,51.2,183.4,0.124,979.6,782.0,473.9,22.74,Normal,No
2024-01-24 01:00:00,GEN04,CSMR20,31.27,51.7,773.5,0.11,1031.0,1078.1,616.9,85.08,High,Yes
2024-01-24 02:00:00,GEN07,CSMR04,31.69,57.7,923.1,0.118,1028.4,755.4,479.5,108.93,Normal,Yes
2024-01-24 03:00:00,GEN05,CSMR01,27.94,63.7,490.6,0.092,933.0,1224.7,746.0,45.14,High,Yes
2024-01-24 04:00:00,GEN01,CSMR13,27.56,69.1,332.8,0.101,926.2,601.3,371.2,33.61,Normal,Yes
2024-01-24 05:00:00,GEN03,CSMR15,27.84,52.0,491.0,0.126,842.6,642.8,373.3,61.87,Normal,Yes
2024-01-24 06:00:00,GEN05,CSMR07,31.97,74.9,751.1,0.148,946.7,894.4,549.1,111.16,Normal,No
2024-01-24 07:00:00,GEN05,CSMR23,27.9,57.3,108.1,0.084,839.8,565.6,331.4,9.08,Normal,No
2024-01-24 08:00:00,GEN06,CSMR03,31.45,59.8,630.5,0.142,1106.6,656.8,411.1,89.53,Normal,No
2024-01-24 09:00:00,GEN10,CSMR14,40.38,52.5,652.0,0.12,1186.5,1255.0,698.7,78.24,Normal,Yes
2024-01-24 10:00:00,GEN08,CSMR16,34.36,35.8,673.9,0.119,1188.0,1281.2,759.0,80.19,High,Yes
2024-01-24 11:00:00,GEN08,CSMR13,28.37,68.8,317.8,0.115,1146.0,801.0,531.1,36.55,Normal,Yes
2024-01-24 12:00:00,GEN02,CSMR05,36.01,67.4,742.6,0.085,1040.3,1238.6,720.6,63.12,High,Yes
2024-01-24 13:00:00,GEN06,CSMR23,27.96,57.2,182.3,0.086,1080.3,935.9,543.3,15.68,Normal,No
2024-01-24 14:00:00,GEN01,CSMR14,19.81,60.7,279.3,0.122,914.1,715.8,413.9,34.07,Normal,Yes
2024-01-24 15:00:00,GEN05,CSMR26,24.96,65.2,889.7,0.104,1052.3,1061.9,599.2,92.53,High,Yes
2024-01-24 16:00:00,GEN10,CSMR04,20.65,44.4,764.9,0.144,982.3,1027.1,549.7,110.15,Normal,No
2024-01-24 17:00:00,GEN01,CSMR20,28.24,54.7,112.4,0.108,992.8,1291.3,768.0,12.14,High,No
2024-01-24 18:00:00,GEN04,CSMR15,30.09,67.9,323.5,0.09,1103.1,712.0,430.5,29.12,Normal,Yes
2024-01-24 19:00:00,GEN03,CSMR09,38.38,47.5,293.0,0.13,912.8,1037.6,623.9,38.09,Normal,No
2024-01-24 20:00:00,GEN03,CSMR27,31.63,62.9,343.7,0.101,927.2,541.6,320.6,34.71,Normal,Yes
2024-01-24 21:00:00,GEN02,CSMR03,28.9,46.4,322.8,0.117,1169.9,590.9,357.0,37.77,Normal,Yes
2024-01-24 22:00:00,GEN07,CSMR07,34.15,64.7,156.3,0.129,822.5,503.1,332.9,20.16,Normal,No
2024-01-24 23:00:00,GEN08,CSMR04,18.94,59.6,513.0,0.143,994.3,1299.6,771.9,73.36,Normal,No
2024-01-25 00:00:00,GEN06,CSMR13,31.18,43.8,759.5,0.135,1165.1,1141.8,669.7,102.53,Normal,No
2024-01-25 01:00:00,GEN03,CSMR23,33.85,71.6,646.1,0.127,1044.1,1129.4,668.8,82.05,Normal,Yes
2024-01-25 02:00:00,GEN04,CSMR03,22.61,52.7,705.6,0.128,1018.6,907.8,561.3,90.32,Normal,Yes
2024-01-25 03:00:00,GEN02,CSMR29,35.72,51.9,173.0,0.146,899.9,740.1,488.4,25.26,Normal,No
2024-01-25 04:00:00,GEN06,CSMR13,31.69,62.0,956.3,0.101,937.3,621.0,353.9,96.59,Normal,Yes
2024-01-25 05:00:00,GEN10,CSMR12,27.92,71.5,854.6,0.08,1140.8,727.7,438.0,68.37,Normal,Yes
2024-01-25 06:00:00,GEN10,CSMR03,33.16,49.8,824.6,0.099,1023.7,800.8,492.3,81.64,Normal,Yes
2024-01-25 07:00:00,GEN07,CSMR20,41.35,60.6,840.7,0.095,1005.9,1105.0,635.4,79.87,High,Yes
2024-01-25 08:00:00,GEN07,CSMR23,30.91,64.3,939.4,0.126,839.8,931.7,559.4,118.36,Normal,Yes
2024-01-25 09:00:00,GEN02,CSMR21,31.24,66.9,589.8,0.124,806.4,562.0,292.8,73.14,Normal,Yes
2024-01-25 10:00:00,GEN05,CSMR27,27.7,61.8,280.3,0.122,1185.5,514.4,254.9,34.2,Normal,Yes
2024-01-25 11:00:00,GEN05,CSMR21,25.75,56.3,655.1,0.081,950.8,581.9,359.7,53.06,Normal,Yes
2024-01-25 12:00:00,GEN02,CSMR20,34.15,51.7,768.6,0.131,1041.3,828.4,487.2,100.69,Normal,No
2024-01-25 13:00:00,GEN06,CSMR27,25.72,60.9,764.1,0.103,831.9,1246.6,753.1,78.7,High,Yes
2024-01-25 14:00:00,GEN03,CSMR02,30.36,49.3,569.3,0.127,1073.2,1009.9,606.5,72.3,Normal,Yes
2024-01-25 15:00:00,GEN10,CSMR20,27.61,30.8,161.6,0.119,1173.0,1141.5,658.0,19.23,Normal,No
2024-01-25 16:00:00,GEN10,CSMR29,32.39,64.4,434.0,0.104,1030.3,873.1,522.5,45.14,Normal,Yes
2024-01-25 17:00:00,GEN01,CSMR04,31.67,69.0,928.7,0.089,850.4,789.3,436.0,82.65,Normal,Yes
2024-01-25 18:00:00,GEN07,CSMR19,35.19,36.4,626.0,0.087,1032.7,586.7,397.1,54.46,Normal,Yes
2024-01-25 19:00:00,GEN06,CSMR03,27.45,49.9,584.5,0.138,1106.5,1200.7,680.2,80.66,Normal,No
2024-01-25 20:00:00,GEN05,CSMR22,28.65,66.2,342.0,0.144,962.6,1126.5,669.1,49.25,Normal,No
2024-01-25 21:00:00,GEN04,CSMR21,25.11,80.6,431.6,0.125,1151.9,634.5,346.4,53.95,Normal,Yes
2024-01-25 22:00:00,GEN04,CSMR22,27.78,60.2,905.8,0.087,1059.5,909.8,562.5,78.8,Normal,Yes
2024-01-25 23:00:00,GEN03,CSMR19,31.89,52.7,699.8,0.108,1159.7,889.9,525.1,75.58,Normal,Yes
2024-01-26 00:00:00,GEN09,CSMR13,33.78,58.2,808.6,0.131,1049.4,1000.1,585.4,105.93,Normal,No
2024-01-26 01:00:00,GEN06,CSMR10,25.39,73.7,508.9,0.135,852.5,1256.9,777.4,68.7,Normal,No
2024-01-26 02:00:00,GEN05,CSMR09,34.35,53.5,667.2,0.088,923.9,963.8,580.7,58.71,High,Yes
2024-01-26 03:00:00,GEN07,CSMR12,36.78,52.0,323.5,0.08,880.7,932.2,577.0,25.88,High,Yes
2024-01-26 04:00:00,GEN09,CSMR13,32.07,55.2,734.9,0.13,1163.5,540.3,295.6,95.54,Normal,No
2024-01-26 05:00:00,GEN09,CSMR19,39.38,50.5,484.8,0.105,1104.2,550.3,290.9,50.9,Normal,Yes
2024-01-26 06:00:00,GEN08,CSMR10,26.13,61.2,498.3,0.098,1070.6,649.9,392.3,48.83,Normal,Yes
2024-01-26 07:00:00,GEN05,CSMR16,23.78,76.2,684.4,0.081,920.4,526.0,303.2,55.44,Normal,Yes
2024-01-26 08:00:00,GEN05,CSMR23,21.11,63.2,942.7,0.118,873.6,1094.7,673.5,111.24,High,Yes
2024-01-26 09:00:00,GEN02,CSMR18,37.48,57.5,157.6,0.14,1102.6,1078.7,646.6,22.06,Normal,No
2024-01-26 10:00:00,GEN09,CSMR16,33.27,57.1,842.3,0.147,989.7,608.8,372.4,123.82,Normal,No
2024-01-26 11:00:00,GEN06,CSMR01,29.72,44.4,363.1,0.12,890.3,1168.9,654.1,43.57,Normal,Yes
2024-01-26 12:00:00,GEN04,CSMR07,31.4,68.8,499.5,0.116,1046.6,623.8,430.3,57.94,Normal,Yes
2024-01-26 13:00:00,GEN10,CSMR08,24.37,59.2,119.7,0.086,816.1,740.9,438.6,10.29,Normal,No
2024-01-26 14:00:00,GEN09,CSMR12,42.23,58.2,370.9,0.118,930.5,699.2,443.1,43.77,Normal,Yes
2024-01-26 15:00:00,GEN07,CSMR18,30.65,91.9,552.4,0.107,987.4,797.8,450.5,59.11,Normal,Yes
2024-01-26 16:00:00,GEN06,CSMR15,30.55,63.0,150.6,0.122,859.2,703.7,431.3,18.37,Normal,No
2024-01-26 17:00:00,GEN01,CSMR26,33.63,52.5,542.0,0.107,1193.9,891.2,497.1,57.99,Normal,Yes
2024-01-26 18:00:00,GEN06,CSMR04,32.41,55.7,934.4,0.097,883.6,825.9,510.0,90.64,Normal,Yes
2024-01-26 19:00:00,GEN01,CSMR24,31.12,71.5,194.9,0.087,852.1,1289.3,762.0,16.96,High,No
2024-01-26 20:00:00,GEN01,CSMR02,26.05,61.1,788.0,0.102,881.4,544.7,326.8,80.38,Normal,Yes
2024-01-26 21:00:00,GEN01,CSMR12,32.36,45.6,468.7,0.087,1107.6,613.7,391.1,40.78,Normal,Yes
2024-01-26 22:00:00,GEN10,CSMR09,39.41,69.2,689.7,0.092,970.2,542.3,289.4,63.45,Normal,Yes
2024-01-26 23:00:00,GEN07,CSMR10,36.73,53.3,334.2,0.149,1026.2,1000.7,581.9,49.8,Normal,No
2024-01-27 00:00:00,GEN03,CSMR25,37.97,78.7,243.5,0.111,808.4,543.6,339.6,27.03,Normal,Yes
2024-01-27 01:00:00,GEN02,CSMR14,27.44,70.8,244.4,0.117,813.8,1169.2,762.9,28.59,High,Yes
2024-01-27 02:00:00,GEN05,CSMR04,25.05,55.5,163.4,0.141,978.3,909.6,541.1,23.04,Normal,No
2024-01-27 03:00:00,GEN07,CSMR07,29.37,72.8,267.1,0.15,1126.7,921.6,569.3,40.07,Normal,No
2024-01-27 04:00:00,GEN09,CSMR16,30.28,60.7,697.8,0.121,1154.1,949.3,566.4,84.43,Normal,Yes
2024-01-27 05:00:00,GEN10,CSMR02,35.47,68.5,893.5,0.137,834.7,636.7,440.5,122.41,Normal,No
2024-01-27 06:00:00,GEN05,CSMR02,21.54,64.8,832.7,0.103,1015.3,658.2,340.3,85.77,Normal,Yes
2024-01-27 07:00:00,GEN07,CSMR23,37.65,51.5,716.6,0.101,1165.3,755.1,458.3,72.38,Normal,Yes
2024-01-27 08:00:00,GEN04,CSMR23,29.21,53.6,199.4,0.108,955.2,974.8,536.6,21.54,High,No
2024-01-27 09:00:00,GEN03,CSMR13,27.87,70.3,360.3,0.127,1131.8,668.1,324.2,45.76,Normal,Yes
2024-01-27 10:00:00,GEN08,CSMR18,24.94,56.7,378.8,0.128,853.5,593.1,364.1,48.49,Normal,Yes
2024-01-27 11:00:00,GEN10,CSMR15,21.73,56.0,325.0,0.102,1174.2,1276.1,768.6,33.15,High,Yes
2024-01-27 12:00:00,GEN10,CSMR02,34.12,50.4,563.5,0.089,1100.6,517.6,303.8,50.15,Normal,Yes
2024-01-27 13:00:00,GEN07,CSMR19,30.37,64.2,582.0,0.124,1176.5,1142.2,681.8,72.17,Normal,Yes
2024-01-27 14:00:00,GEN06,CSMR03,23.55,80.6,421.2,0.089,1070.6,1130.4,767.8,37.49,High,Yes
2024-01-27 15:00:00,GEN01,CSMR24,23.52,49.3,418.4,0.12,945.4,737.8,434.7,50.21,Normal,Yes
2024-01-27 16:00:00,GEN09,CSMR25,28.32,60.2,845.7,0.129,1175.3,608.5,380.0,109.1,Normal,Yes
2024-01-27 17:00:00,GEN04,CSMR03,38.35,74.1,810.4,0.129,910.2,616.5,350.7,104.54,Normal,Yes
2024-01-27 18:00:00,GEN10,CSMR30,28.7,59.2,377.0,0.133,932.9,1057.9,643.4,50.14,Normal,No
2024-01-27 19:00:00,GEN06,CSMR06,22.48,64.5,922.4,0.141,1080.3,1014.2,599.4,130.06,Normal,No
2024-01-27 20:00:00,GEN03,CSMR11,28.77,49.4,957.5,0.115,1106.1,1126.2,664.2,110.11,High,Yes
2024-01-27 21:00:00,GEN04,CSMR27,28.64,64.3,394.1,0.131,1171.8,1250.0,803.9,51.63,Normal,No
2024-01-27 22:00:00,GEN05,CSMR26,16.52,58.1,419.0,0.123,881.9,1053.5,664.9,51.54,Normal,Yes
2024-01-27 23:00:00,GEN02,CSMR05,29.73,69.9,555.1,0.093,1119.2,624.7,377.9,51.62,Normal,Yes
2024-01-28 00:00:00,GEN04,CSMR05,28.85,71.9,947.0,0.082,1095.4,694.8,346.3,77.65,Normal,Yes
2024-01-28 01:00:00,GEN09,CSMR19,33.48,85.9,888.7,0.1,825.5,1173.8,691.6,88.87,High,Yes
2024-01-28 02:00:00,GEN04,CSMR08,39.24,65.8,192.3,0.111,954.9,667.4,482.8,21.35,Normal,No
2024-01-28 03:00:00,GEN03,CSMR19,35.63,63.3,453.5,0.123,913.1,558.0,328.7,55.78,Normal,Yes
2024-01-28 04:00:00,GEN02,CSMR21,28.66,61.9,598.0,0.139,921.8,1062.6,670.2,83.12,Normal,No
2024-01-28 05:00:00,GEN03,CSMR28,24.47,56.5,552.8,0.094,1193.2,822.0,535.7,51.96,Normal,Yes
2024-01-28 06:00:00,GEN10,CSMR01,42.87,63.4,274.5,0.089,1057.1,1236.0,750.4,24.43,High,Yes
2024-01-28 07:00:00,GEN09,CSMR08,30.3,57.0,872.9,0.147,1087.1,1020.2,587.2,128.32,Normal,No
2024-01-28 08:00:00,GEN09,CSMR05,30.07,61.7,709.2,0.088,1190.6,572.3,270.2,62.41,Normal,Yes
2024-01-28 09:00:00,GEN05,CSMR21,29.88,73.2,854.1,0.113,950.9,1258.3,774.2,96.51,High,Yes
2024-01-28 10:00:00,GEN06,CSMR07,30.99,49.9,872.9,0.121,1120.7,706.8,400.8,105.62,Normal,Yes
2024-01-28 11:00:00,GEN09,CSMR26,29.28,71.4,773.5,0.118,973.8,769.8,465.9,91.27,Normal,Yes
2024-01-28 12:00:00,GEN02,CSMR20,27.13,73.2,495.3,0.086,1147.8,821.8,453.7,42.6,Normal,Yes
2024-01-28 13:00:00,GEN01,CSMR28,27.27,58.8,649.5,0.084,872.3,541.0,316.2,54.56,Normal,Yes
2024-01-28 14:00:00,GEN04,CSMR02,29.84,38.8,244.3,0.087,1179.1,897.2,541.4,21.25,Normal,Yes
2024-01-28 15:00:00,GEN06,CSMR10,27.28,53.9,706.3,0.121,887.5,598.7,367.3,85.46,Normal,Yes
2024-01-28 16:00:00,GEN01,CSMR07,26.44,73.0,261.3,0.118,930.5,820.8,457.0,30.83,Normal,Yes
2024-01-28 17:00:00,GEN10,CSMR14,30.53,59.8,724.6,0.096,1102.5,780.6,504.4,69.56,Normal,Yes
2024-01-28 18:00:00,GEN08,CSMR13,28.73,50.0,306.6,0.125,957.5,1118.3,653.8,38.33,Normal,Yes
2024-01-28 19:00:00,GEN01,CSMR07,37.52,55.0,205.8,0.137,1043.3,1142.5,637.3,28.19,Normal,No
2024-01-28 20:00:00,GEN09,CSMR08,16.75,68.4,248.8,0.083,977.8,622.7,366.9,20.65,Normal,Yes
2024-01-28 21:00:00,GEN04,CSMR09,35.46,65.5,101.8,0.115,1096.9,793.2,477.5,11.71,Normal,No
2024-01-28 22:00:00,GEN05,CSMR09,36.23,57.6,746.9,0.128,891.3,798.7,485.5,95.6,Normal,Yes
2024-01-28 23:00:00,GEN02,CSMR22,19.63,56.3,759.2,0.098,823.4,621.1,411.8,74.4,Normal,Yes
2024-01-29 00:00:00,GEN04,CSMR27,28.29,56.1,563.4,0.102,920.0,1138.8,676.2,57.47,High,Yes
2024-01-29 01:00:00,GEN10,CSMR19,28.14,50.8,245.2,0.123,989.7,1065.8,636.4,30.16,Normal,Yes
2024-01-29 02:00:00,GEN06,CSMR27,22.96,76.2,175.2,0.143,867.2,652.3,355.3,25.05,Normal,No
2024-01-29 03:00:00,GEN09,CSMR17,26.11,56.8,117.2,0.137,941.9,793.4,500.2,16.06,Normal,No
2024-01-29 04:00:00,GEN05,CSMR21,24.45,72.2,249.2,0.121,960.0,584.6,354.0,30.15,Normal,Yes
2024-01-29 05:00:00,GEN04,CSMR26,38.76,75.2,901.8,0.131,823.0,1002.6,589.2,118.14,Normal,No
2024-01-29 06:00:00,GEN05,CSMR05,34.68,70.0,317.4,0.106,1033.3,597.1,301.1,33.64,Normal,Yes
2024-01-29 07:00:00,GEN05,CSMR13,36.36,55.7,418.8,0.125,1153.7,1288.7,818.3,52.35,Normal,Yes
2024-01-29 08:00:00,GEN02,CSMR10,33.61,64.0,194.8,0.113,860.7,1124.5,638.2,22.01,High,No
2024-01-29 09:00:00,GEN04,CSMR04,24.35,59.8,300.1,0.093,1039.1,812.2,468.5,27.91,Normal,Yes
2024-01-29 10:00:00,GEN02,CSMR28,27.38,51.0,567.3,0.129,1065.9,962.9,588.9,73.18,Normal,Yes
2024-01-29 11:00:00,GEN05,CSMR15,32.45,63.2,647.0,0.119,967.7,1229.1,701.7,76.99,High,Yes
2024-01-29 12:00:00,GEN02,CSMR02,23.89,48.2,320.8,0.105,1080.4,943.3,521.1,33.68,Normal,Yes
2024-01-29 13:00:00,GEN04,CSMR29,33.56,71.9,152.0,0.144,964.3,639.6,319.6,21.89,Normal,No
2024-01-29 14:00:00,GEN07,CSMR19,28.8,55.4,451.9,0.081,1001.9,803.0,503.6,36.6,Normal,Yes
2024-01-29 15:00:00,GEN04,CSMR06,28.13,62.0,310.8,0.102,802.9,1174.5,687.8,31.7,High,Yes
2024-01-29 16:00:00,GEN02,CSMR20,33.55,62.8,297.6,0.084,1076.7,1015.4,697.5,25.0,Normal,Yes
2024-01-29 17:00:00,GEN05,CSMR07,32.22,57.4,963.9,0.134,1064.5,1020.6,583.2,129.16,Normal,No
2024-01-29 18:00:00,GEN04,CSMR15,28.2,65.9,654.7,0.129,815.4,1193.5,687.5,84.46,Normal,Yes
2024-01-29 19:00:00,GEN06,CSMR02,35.8,55.3,601.2,0.103,947.3,1215.2,713.8,61.92,High,Yes
2024-01-29 20:00:00,GEN07,CSMR08,24.59,68.7,474.2,0.127,1191.6,1235.8,746.8,60.22,Normal,Yes
2024-01-29 21:00:00,GEN02,CSMR10,33.08,46.5,486.0,0.108,968.3,575.9,333.4,52.49,Normal,Yes
2024-01-29 22:00:00,GEN05,CSMR17,32.97,61.3,586.8,0.133,1000.8,935.3,580.0,78.04,Normal,No
2024-01-29 23:00:00,GEN06,CSMR11,28.45,79.4,726.8,0.112,1164.0,1092.4,623.8,81.4,Normal,Yes
2024-01-30 00:00:00,GEN08,CSMR24,31.63,50.0,731.9,0.109,1086.9,1105.5,623.2,79.78,High,Yes
2024-01-30 01:00:00,GEN09,CSMR09,23.74,53.2,254.5,0.145,1032.8,985.4,536.7,36.9,Normal,No
2024-01-30 02:00:00,GEN10,CSMR09,34.62,65.1,550.1,0.098,1119.1,633.4,313.7,53.91,Normal,Yes
2024-01-30 03:00:00,GEN01,CSMR11,29.08,61.8,470.8,0.088,1145.7,1137.9,666.8,41.43,Normal,Yes
2024-01-30 04:00:00,GEN06,CSMR22,27.39,63.5,883.5,0.121,982.8,1076.1,635.8,106.9,Normal,Yes
2024-01-30 05:00:00,GEN06,CSMR27,35.25,64.9,668.3,0.148,990.0,568.9,323.0,98.91,Normal,No
2024-01-30 06:00:00,GEN01,CSMR29,26.48,66.3,579.3,0.106,954.4,871.0,558.6,61.41,Normal,Yes
2024-01-30 07:00:00,GEN02,CSMR08,22.96,71.1,203.9,0.084,1186.7,639.2,417.8,17.13,Normal,Yes
2024-01-30 08:00:00,GEN05,CSMR10,22.22,64.1,645.1,0.104,1078.9,770.0,450.0,67.09,Normal,Yes
2024-01-30 09:00:00,GEN02,CSMR02,33.03,57.6,205.5,0.115,833.3,514.5,255.7,23.63,Normal,Yes
2024-01-30 10:00:00,GEN08,CSMR20,23.6,66.7,403.5,0.091,1145.2,820.3,473.2,36.72,Normal,Yes
2024-01-30 11:00:00,GEN01,CSMR16,38.77,79.0,228.6,0.126,992.2,939.9,545.8,28.8,Normal,Yes
2024-01-30 12:00:00,GEN10,CSMR15,19.59,58.7,722.9,0.15,827.5,995.7,575.8,108.43,Normal,No
2024-01-30 13:00:00,GEN01,CSMR03,38.48,50.3,285.6,0.112,1019.9,1030.8,600.2,31.99,High,Yes
2024-01-30 14:00:00,GEN09,CSMR20,31.06,71.1,452.7,0.105,966.9,1169.0,680.9,47.53,High,Yes
2024-01-30 15:00:00,GEN01,CSMR20,29.52,58.8,906.1,0.108,1151.1,672.4,391.9,97.86,Normal,Yes
2024-01-30 16:00:00,GEN01,CSMR21,27.28,38.3,283.9,0.088,881.6,596.4,340.4,24.98,Normal,Yes
2024-01-30 17:00:00,GEN08,CSMR05,32.0,68.5,557.0,0.142,1130.6,1181.2,714.5,79.09,Normal,No
2024-01-30 18:00:00,GEN01,CSMR06,29.81,54.6,477.3,0.109,1023.1,625.3,386.5,52.03,Normal,Yes
2024-01-30 19:00:00,GEN03,CSMR17,35.52,59.1,116.3,0.107,821.8,1279.8,741.8,12.44,High,No
2024-01-30 20:00:00,GEN03,CSMR12,30.57,63.3,813.5,0.126,1188.7,1174.0,742.3,102.5,Normal,Yes
2024-01-30 21:00:00,GEN06,CSMR09,30.75,61.9,162.1,0.111,1005.0,900.7,511.0,17.99,Normal,No
2024-01-30 22:00:00,GEN10,CSMR30,28.18,67.1,526.8,0.125,916.4,1285.1,721.5,65.85,Normal,Yes
2024-01-30 23:00:00,GEN07,CSMR01,29.72,55.6,604.6,0.084,987.8,577.9,358.5,50.79,Normal,Yes
2024-01-31 00:00:00,GEN04,CSMR18,31.54,65.1,665.6,0.137,1143.1,742.5,420.8,91.19,Normal,No
2024-01-31 01:00:00,GEN01,CSMR17,21.45,57.4,719.8,0.146,922.0,1010.6,614.5,105.09,Normal,No
2024-01-31 02:00:00,GEN02,CSMR18,23.26,67.4,327.9,0.125,877.1,780.0,393.8,40.99,Normal,Yes
2024-01-31 03:00:00,GEN06,CSMR13,33.72,66.2,109.0,0.147,851.6,1242.7,787.5,16.02,Normal,No
2024-01-31 04:00:00,GEN01,CSMR15,30.85,50.6,751.1,0.091,919.1,552.5,352.8,68.35,Normal,Yes
2024-01-31 05:00:00,GEN06,CSMR22,29.08,70.9,582.1,0.113,1112.0,939.5,517.4,65.78,Normal,Yes
2024-01-31 06:00:00,GEN03,CSMR09,30.09,54.6,852.5,0.122,988.7,972.7,539.8,104.0,Normal,Yes
2024-01-31 07:00:00,GEN07,CSMR29,31.74,68.1,839.2,0.121,891.0,1022.2,663.0,101.54,Normal,Yes
2024-01-31 08:00:00,GEN02,CSMR05,27.3,63.7,859.0,0.108,866.5,704.5,399.7,92.77,Normal,Yes
2024-01-31 09:00:00,GEN06,CSMR19,26.11,78.4,536.6,0.104,933.1,791.7,447.4,55.81,Normal,Yes
2024-01-31 10:00:00,GEN03,CSMR27,30.98,57.8,400.3,0.089,1176.0,1174.9,637.4,35.63,Normal,Yes
2024-01-31 11:00:00,GEN07,CSMR03,25.11,56.5,812.4,0.107,937.2,656.0,382.4,86.93,Normal,Yes
2024-01-31 12:00:00,GEN09,CSMR18,32.04,59.8,506.2,0.091,1195.2,1161.5,690.5,46.06,Normal,Yes
2024-01-31 13:00:00,GEN05,CSMR10,21.49,57.0,265.1,0.131,994.1,950.1,590.1,34.73,Normal,No
2024-01-31 14:00:00,GEN05,CSMR12,35.15,68.0,869.5,0.095,871.7,1109.8,624.1,82.6,High,Yes
2024-01-31 15:00:00,GEN03,CSMR06,32.36,43.8,894.3,0.084,1156.5,1070.9,599.0,75.12,Normal,Yes
2024-01-31 16:00:00,GEN05,CSMR03,31.28,49.5,519.7,0.119,984.1,666.0,414.4,61.84,Normal,Yes
2024-01-31 17:00:00,GEN08,CSMR29,34.91,49.3,168.1,0.122,1083.9,955.1,605.3,20.51,Normal,No
2024-01-31 18:00:00,GEN05,CSMR22,38.33,69.5,449.0,0.141,1193.5,1194.2,670.1,63.31,Normal,No
2024-01-31 19:00:00,GEN03,CSMR21,35.07,77.1,823.2,0.12,820.1,845.7,539.2,98.78,Normal,Yes
2024-01-31 20:00:00,GEN03,CSMR08,20.8,59.0,911.6,0.104,838.7,1273.3,763.4,94.81,High,Yes
2024-01-31 21:00:00,GEN07,CSMR21,23.6,58.3,283.1,0.136,1088.2,861.8,548.7,38.5,Normal,No
2024-01-31 22:00:00,GEN08,CSMR12,26.88,60.7,160.3,0.118,912.7,614.2,365.7,18.92,Normal,No
2024-01-31 23:00:00,GEN03,CSMR08,30.13,71.6,889.6,0.086,873.7,811.5,410.1,76.51,Normal,Yes
2024-02-01 00:00:00,GEN02,CSMR27,32.59,50.7,450.5,0.12,815.7,1261.4,753.7,54.06,Normal,Yes
2024-02-01 01:00:00,GEN10,CSMR04,26.37,62.4,587.6,0.144,808.7,755.8,484.3,84.61,Normal,No
2024-02-01 02:00:00,GEN04,CSMR22,30.93,69.8,971.3,0.108,1109.8,1194.5,689.1,104.9,High,Yes
2024-02-01 03:00:00,GEN01,CSMR08,26.22,65.0,159.9,0.101,853.8,1205.0,710.1,16.15,High,No
2024-02-01 04:00:00,GEN06,CSMR29,26.94,61.9,683.5,0.09,987.1,780.1,462.0,61.52,Normal,Yes
2024-02-01 05:00:00,GEN05,CSMR16,22.97,70.0,166.7,0.091,1042.4,566.6,250.6,15.17,Normal,No
2024-02-01 06:00:00,GEN08,CSMR16,25.38,33.0,437.9,0.11,971.3,1079.6,699.7,48.17,High,Yes
2024-02-01 07:00:00,GEN08,CSMR20,23.24,66.8,823.4,0.122,810.8,749.2,420.4,100.45,Normal,Yes
2024-02-01 08:00:00,GEN08,CSMR16,25.12,53.5,490.1,0.086,1113.4,1126.3,690.6,42.15,High,Yes
2024-02-01 09:00:00,GEN04,CSMR25,35.27,41.7,997.5,0.146,804.2,854.1,512.7,145.64,Normal,No
2024-02-01 10:00:00,GEN05,CSMR12,25.25,65.1,603.2,0.133,1104.8,888.2,569.2,80.23,Normal,No
2024-02-01 11:00:00,GEN03,CSMR11,43.16,73.7,389.0,0.121,1157.3,1122.3,686.8,47.07,Normal,Yes
2024-02-01 12:00:00,GEN08,CSMR05,32.47,58.6,298.1,0.138,973.1,805.9,477.1,41.14,Normal,No
2024-02-01 13:00:00,GEN04,CSMR25,30.92,69.5,415.5,0.086,1014.2,854.5,485.1,35.73,Normal,Yes
2024-02-01 14:00:00,GEN07,CSMR25,25.71,76.1,435.3,0.113,990.8,801.0,502.1,49.19,Normal,Yes
2024-02-01 15:00:00,GEN08,CSMR22,33.5,73.1,161.8,0.124,955.7,793.9,419.5,20.06,Normal,No
2024-02-01 16:00:00,GEN09,CSMR16,27.12,76.4,432.6,0.138,1155.0,920.8,569.6,59.7,Normal,No
2024-02-01 17:00:00,GEN04,CSMR26,30.61,67.4,517.8,0.135,1157.6,1147.0,654.6,69.9,Normal,No
2024-02-01 18:00:00,GEN02,CSMR10,42.8,60.8,750.5,0.099,934.3,789.4,513.7,74.3,Normal,Yes
2024-02-01 19:00:00,GEN10,CSMR07,29.52,44.0,691.1,0.146,1046.0,919.4,558.0,100.9,Normal,No
2024-02-01 20:00:00,GEN08,CSMR11,35.75,57.5,737.9,0.089,1170.8,1036.6,642.7,65.67,Normal,Yes
2024-02-01 21:00:00,GEN10,CSMR18,26.48,51.6,107.5,0.141,1184.8,715.6,432.0,15.16,Normal,No
2024-02-01 22:00:00,GEN02,CSMR04,29.83,81.7,295.9,0.148,1003.6,722.0,378.4,43.79,Normal,No
2024-02-01 23:00:00,GEN02,CSMR01,38.85,58.2,695.5,0.092,981.1,1246.7,724.1,63.99,High,Yes
2024-02-02 00:00:00,GEN08,CSMR10,26.87,61.2,535.6,0.131,911.5,1078.8,666.7,70.16,Normal,No
2024-02-02 01:00:00,GEN04,CSMR14,39.06,65.5,104.8,0.083,1183.5,961.7,583.3,8.7,Normal,No
2024-02-02 02:00:00,GEN01,CSMR02,33.54,60.4,824.0,0.108,857.1,1018.2,647.0,88.99,High,Yes
2024-02-02 03:00:00,GEN04,CSMR09,27.19,77.0,795.5,0.116,1031.9,523.4,323.9,92.28,Normal,Yes
2024-02-02 04:00:00,GEN10,CSMR25,33.16,53.8,593.6,0.121,913.0,994.5,569.0,71.83,Normal,Yes
2024-02-02 05:00:00,GEN05,CSMR08,34.86,61.9,159.8,0.146,911.6,907.6,521.5,23.33,Normal,No
2024-02-02 06:00:00,GEN03,CSMR24,33.11,52.6,789.9,0.127,962.0,936.6,566.4,100.32,Normal,Yes
2024-02-02 07:00:00,GEN04,CSMR07,22.15,46.8,625.3,0.114,1199.5,787.5,402.8,71.28,Normal,Yes
2024-02-02 08:00:00,GEN07,CSMR04,26.36,53.9,803.8,0.137,822.0,565.2,389.2,110.12,Normal,No
2024-02-02 09:00:00,GEN09,CSMR09,28.76,59.6,776.6,0.147,1031.4,654.7,405.9,114.16,Normal,No
2024-02-02 10:00:00,GEN03,CSMR15,29.63,55.7,822.7,0.082,833.0,1260.6,793.5,67.46,High,Yes
2024-02-02 11:00:00,GEN01,CSMR09,33.1,53.1,566.2,0.149,861.8,827.0,450.1,84.36,Normal,No
2024-02-02 12:00:00,GEN06,CSMR05,30.89,45.9,226.3,0.086,975.8,873.3,562.9,19.46,Normal,Yes
2024-02-02 13:00:00,GEN04,CSMR23,23.32,59.2,704.0,0.137,1004.2,542.2,391.0,96.45,Normal,No
2024-02-02 14:00:00,GEN05,CSMR16,31.9,45.0,658.4,0.1,903.5,530.1,280.3,65.84,Normal,Yes
2024-02-02 15:00:00,GEN06,CSMR21,33.05,67.6,768.0,0.089,926.6,1073.7,667.2,68.35,High,Yes
2024-02-02 16:00:00,GEN10,CSMR29,32.8,60.8,252.9,0.111,834.8,930.5,558.8,28.07,High,Yes
2024-02-02 17:00:00,GEN03,CSMR26,35.4,45.4,275.5,0.125,921.3,907.0,500.4,34.44,Normal,Yes
2024-02-02 18:00:00,GEN03,CSMR27,34.17,56.9,901.4,0.107,1186.6,694.5,432.6,96.45,Normal,Yes
2024-02-02 19:00:00,GEN01,CSMR10,32.3,52.5,775.0,0.084,1177.9,1095.8,683.7,65.1,Normal,Yes
2024-02-02 20:00:00,GEN04,CSMR11,29.65,63.2,917.4,0.122,934.0,634.6,362.3,111.92,Normal,Yes
2024-02-02 21:00:00,GEN08,CSMR28,21.7,73.4,782.8,0.143,1028.3,651.9,423.1,111.94,Normal,No
2024-02-02 22:00:00,GEN06,CSMR13,32.15,41.2,637.4,0.107,1163.8,868.6,473.5,68.2,Normal,Yes
2024-02-02 23:00:00,GEN08,CSMR14,31.04,61.2,688.7,0.095,802.5,729.0,392.6,65.43,Normal,Yes
2024-02-03 00:00:00,GEN03,CSMR20,31.36,58.4,900.2,0.111,1124.3,698.0,423.3,99.92,Normal,Yes
2024-02-03 01:00:00,GEN02,CSMR19,23.62,66.7,620.9,0.083,1179.3,1016.2,608.5,51.53,Normal,Yes
2024-02-03 02:00:00,GEN07,CSMR08,24.59,62.1,669.2,0.137,836.5,1020.8,589.7,91.68,Normal,No
2024-02-03 03:00:00,GEN01,CSMR26,35.27,52.5,240.8,0.138,864.6,1159.6,721.9,33.23,Normal,No
2024-02-03 04:00:00,GEN10,CSMR24,29.8,56.8,526.5,0.121,1184.3,834.2,516.7,63.71,Normal,Yes
2024-02-03 05:00:00,GEN08,CSMR04,33.41,52.0,744.8,0.105,1015.0,558.5,362.3,78.2,Normal,Yes
2024-02-03 06:00:00,GEN02,CSMR11,30.14,70.8,343.8,0.136,805.7,718.9,426.6,46.76,Normal,No
2024-02-03 07:00:00,GEN07,CSMR04,30.15,60.2,282.0,0.119,903.1,1284.0,788.5,33.56,High,Yes
2024-02-03 08:00:00,GEN04,CSMR07,34.69,79.0,382.4,0.138,980.0,977.0,571.9,52.77,Normal,No
2024-02-03 09:00:00,GEN04,CSMR12,27.42,59.4,317.4,0.124,1077.2,1067.8,701.8,39.36,Normal,Yes
2024-02-03 10:00:00,GEN09,CSMR14,30.48,52.9,293.4,0.135,1093.3,505.9,280.0,39.61,Normal,No
2024-02-03 11:00:00,GEN01,CSMR24,27.69,44.9,482.4,0.122,1198.2,914.6,613.0,58.85,Normal,Yes
2024-02-03 12:00:00,GEN04,CSMR07,27.83,42.0,917.1,0.109,915.0,530.0,320.4,99.96,Normal,Yes
2024-02-03 13:00:00,GEN05,CSMR19,28.45,44.2,556.4,0.147,1015.3,955.4,533.2,81.79,Normal,No
2024-02-03 14:00:00,GEN09,CSMR13,31.11,62.7,269.1,0.118,1013.3,1236.6,783.0,31.75,High,Yes
2024-02-03 15:00:00,GEN09,CSMR05,27.61,65.1,169.3,0.122,962.3,1274.7,767.6,20.65,Normal,No
2024-02-03 16:00:00,GEN04,CSMR30,36.28,44.2,726.5,0.095,867.7,932.4,587.8,69.02,High,Yes
2024-02-03 17:00:00,GEN10,CSMR20,25.53,69.0,444.5,0.124,1191.0,866.6,554.9,55.12,Normal,Yes
2024-02-03 18:00:00,GEN01,CSMR14,29.07,55.2,839.6,0.12,1141.3,1256.0,764.0,100.75,Normal,Yes
2024-02-03 19:00:00,GEN02,CSMR24,27.8,61.5,693.6,0.093,999.3,1038.9,605.0,64.5,High,Yes
2024-02-03 20:00:00,GEN07,CSMR13,37.23,76.1,816.6,0.084,1041.3,551.9,360.2,68.59,Normal,Yes
2024-02-03 21:00:00,GEN04,CSMR20,30.98,69.0,344.8,0.122,890.9,872.6,522.9,42.07,Normal,Yes
2024-02-03 22:00:00,GEN08,CSMR28,35.16,57.3,723.1,0.133,1017.5,692.2,437.2,96.17,Normal,No
2024-02-03 23:00:00,GEN04,CSMR15,22.57,51.1,337.7,0.117,1078.0,875.8,460.3,39.51,Normal,Yes
2024-02-04 00:00:00,GEN02,CSMR23,31.34,38.5,945.2,0.096,1006.1,864.4,534.5,90.74,Normal,Yes
2024-02-04 01:00:00,GEN04,CSMR14,34.45,52.8,672.7,0.127,1196.1,965.7,561.9,85.43,Normal,Yes
2024-02-04 02:00:00,GEN08,CSMR22,30.41,57.9,392.1,0.086,1044.5,785.4,521.1,33.72,Normal,Yes
2024-02-04 03:00:00,GEN08,CSMR10,35.33,50.1,342.6,0.111,948.4,631.4,399.6,38.03,Normal,Yes
2024-02-04 04:00:00,GEN03,CSMR08,27.41,58.7,271.8,0.091,1108.9,903.0,548.6,24.73,Normal,Yes
2024-02-04 05:00:00,GEN01,CSMR21,37.05,60.8,725.2,0.093,868.2,1164.2,714.4,67.44,High,Yes
2024-02-04 06:00:00,GEN05,CSMR07,41.49,57.8,296.8,0.094,953.8,1031.2,591.3,27.9,High,Yes
2024-02-04 07:00:00,GEN04,CSMR23,28.19,53.5,635.8,0.107,938.8,770.7,511.4,68.03,Normal,Yes
2024-02-04 08:00:00,GEN06,CSMR22,27.77,61.7,338.2,0.084,972.7,1248.4,808.2,28.41,High,Yes
2024-02-04 09:00:00,GEN06,CSMR14,37.27,64.4,695.8,0.108,1112.7,1229.8,750.7,75.15,High,Yes
2024-02-04 10:00:00,GEN05,CSMR26,37.9,49.1,833.4,0.116,993.7,667.5,450.9,96.67,Normal,Yes
2024-02-04 11:00:00,GEN06,CSMR16,27.39,74.1,800.2,0.114,1117.6,531.5,299.9,91.22,Normal,Yes
2024-02-04 12:00:00,GEN07,CSMR19,27.9,59.0,784.8,0.107,1030.6,1093.0,631.6,83.97,High,Yes
2024-02-04 13:00:00,GEN09,CSMR25,28.59,60.2,269.0,0.139,936.8,1162.1,698.2,37.39,Normal,No
2024-02-04 14:00:00,GEN08,CSMR01,23.28,67.1,179.5,0.09,1124.0,1274.3,775.6,16.16,High,No
2024-02-04 15:00:00,GEN05,CSMR27,25.41,62.3,729.1,0.115,895.3,1211.9,714.2,83.85,High,Yes
2024-02-04 16:00:00,GEN03,CSMR14,24.98,69.5,431.5,0.084,889.8,980.4,602.4,36.25,High,Yes
2024-02-04 17:00:00,GEN02,CSMR24,26.16,62.9,489.1,0.085,1001.8,924.0,562.5,41.57,Normal,Yes
2024-02-04 18:00:00,GEN07,CSMR23,29.83,53.9,128.0,0.12,904.3,522.3,284.0,15.36,Normal,No
2024-02-04 19:00:00,GEN08,CSMR12,31.17,63.6,333.6,0.12,803.6,697.3,433.8,40.03,Normal,Yes
2024-02-04 20:00:00,GEN06,CSMR23,37.75,48.6,130.3,0.141,1059.3,867.7,549.2,18.37,Normal,No
2024-02-04 21:00:00,GEN05,CSMR23,25.01,61.1,891.3,0.119,1004.4,1002.8,605.7,106.06,Normal,Yes
2024-02-04 22:00:00,GEN01,CSMR19,34.92,59.7,319.1,0.147,978.2,945.8,603.1,46.91,Normal,No
2024-02-04 23:00:00,GEN10,CSMR18,28.93,57.9,601.6,0.083,1186.8,1094.1,619.9,49.93,Normal,Yes
2024-02-05 00:00:00,GEN04,CSMR07,29.75,58.7,135.1,0.087,1028.5,723.8,448.4,11.75,Normal,No
2024-02-05 01:00:00,GEN08,CSMR22,33.37,41.2,700.2,0.083,1145.4,952.0,538.6,58.12,Normal,Yes
2024-02-05 02:00:00,GEN08,CSMR12,24.39,54.5,390.7,0.093,855.8,570.5,308.3,36.34,Normal,Yes
2024-02-05 03:00:00,GEN06,CSMR28,31.91,60.9,908.1,0.118,1027.7,830.9,479.9,107.16,Normal,Yes
2024-02-05 04:00:00,GEN09,CSMR13,30.83,61.6,899.3,0.125,1147.2,1100.1,631.8,112.41,Normal,Yes
2024-02-05 05:00:00,GEN02,CSMR13,32.46,49.7,392.8,0.083,1033.2,1054.7,617.9,32.6,High,Yes
2024-02-05 06:00:00,GEN08,CSMR15,31.45,72.7,910.9,0.146,1087.2,1292.5,768.1,132.99,Normal,No
2024-02-05 07:00:00,GEN07,CSMR19,42.28,51.3,996.5,0.139,948.8,722.3,461.8,138.51,Normal,No
2024-02-05 08:00:00,GEN06,CSMR29,26.81,69.7,842.9,0.101,837.0,898.6,527.9,85.13,High,Yes
2024-02-05 09:00:00,GEN07,CSMR19,27.35,64.3,860.4,0.085,983.2,763.6,409.6,73.13,Normal,Yes
2024-02-05 10:00:00,GEN04,CSMR16,26.88,53.5,324.1,0.092,957.8,852.5,545.7,29.82,Normal,Yes
2024-02-05 11:00:00,GEN08,CSMR02,27.22,77.8,619.0,0.089,1146.8,1185.6,683.9,55.09,High,Yes
2024-02-05 12:00:00,GEN01,CSMR18,26.81,48.1,160.5,0.089,897.6,1047.4,627.2,14.28,High,No
2024-02-05 13:00:00,GEN01,CSMR10,35.95,69.2,185.4,0.116,1186.7,1206.0,737.3,21.51,High,No
2024-02-05 14:00:00,GEN02,CSMR01,37.1,70.0,999.0,0.097,1183.3,662.8,404.1,96.9,Normal,Yes
2024-02-05 15:00:00,GEN09,CSMR16,27.15,53.3,394.0,0.105,899.1,1198.7,752.1,41.37,High,Yes
2024-02-05 16:00:00,GEN06,CSMR03,25.84,73.9,773.4,0.149,939.2,547.8,340.8,115.24,Normal,No
2024-02-05 17:00:00,GEN09,CSMR05,32.36,57.5,826.0,0.128,1158.2,1210.9,701.4,105.73,Normal,Yes
2024-02-05 18:00:00,GEN02,CSMR16,27.24,62.9,872.2,0.146,1186.6,763.3,522.5,127.34,Normal,No
2024-02-05 19:00:00,GEN06,CSMR25,33.16,62.6,997.9,0.09,977.4,751.7,457.2,89.81,Normal,Yes
2024-02-05 20:00:00,GEN04,CSMR19,31.01,58.7,317.3,0.107,928.4,909.7,541.7,33.95,Normal,Yes
2024-02-05 21:00:00,GEN03,CSMR03,22.42,68.1,136.3,0.119,1010.4,1252.6,778.2,16.22,High,No
2024-02-05 22:00:00,GEN02,CSMR03,37.74,67.9,470.1,0.085,1075.1,538.2,331.2,39.96,Normal,Yes
2024-02-05 23:00:00,GEN08,CSMR04,38.98,42.5,217.1,0.08,909.4,781.8,484.6,17.37,Normal,Yes
2024-02-06 00:00:00,GEN02,CSMR05,26.94,73.0,120.2,0.127,1094.6,1185.3,784.0,15.27,Normal,No
2024-02-06 01:00:00,GEN08,CSMR05,28.06,43.4,424.4,0.125,820.7,816.8,483.1,53.05,Normal,Yes
2024-02-06 02:00:00,GEN02,CSMR02,31.43,70.3,805.4,0.109,819.7,659.3,385.3,87.79,Normal,Yes
2024-02-06 03:00:00,GEN03,CSMR15,31.67,71.3,609.6,0.114,954.5,839.8,506.6,69.49,Normal,Yes
2024-02-06 04:00:00,GEN04,CSMR12,33.29,49.1,381.5,0.109,941.4,808.4,518.9,41.58,Normal,Yes
2024-02-06 05:00:00,GEN05,CSMR23,40.05,55.9,688.9,0.082,926.3,1232.3,696.6,56.49,High,Yes
2024-02-06 06:00:00,GEN02,CSMR22,29.12,48.9,308.8,0.103,996.4,1109.5,607.7,31.81,High,Yes
2024-02-06 07:00:00,GEN05,CSMR08,26.01,57.9,112.9,0.092,928.3,904.1,524.3,10.39,Normal,No
2024-02-06 08:00:00,GEN10,CSMR23,23.1,56.9,787.9,0.087,876.9,1290.7,724.3,68.55,High,Yes
2024-02-06 09:00:00,GEN04,CSMR17,26.35,67.8,661.4,0.147,923.8,872.2,509.1,97.23,Normal,No
2024-02-06 10:00:00,GEN03,CSMR11,29.83,73.1,786.1,0.122,1190.0,546.6,341.7,95.9,Normal,Yes
2024-02-06 11:00:00,GEN04,CSMR07,38.97,74.0,135.0,0.131,964.4,709.8,399.6,17.69,Normal,No
2024-02-06 12:00:00,GEN08,CSMR29,27.41,54.4,853.4,0.102,977.9,848.9,466.6,87.05,Normal,Yes
2024-02-06 13:00:00,GEN10,CSMR11,31.12,57.9,657.6,0.108,1030.6,625.5,377.8,71.02,Normal,Yes
2024-02-06 14:00:00,GEN07,CSMR25,29.92,43.2,607.1,0.097,1193.3,1258.1,782.4,58.89,High,Yes
2024-02-06 15:00:00,GEN01,CSMR20,35.94,51.9,662.2,0.087,896.6,1113.5,619.2,57.61,High,Yes
2024-02-06 16:00:00,GEN02,CSMR07,42.63,69.6,878.0,0.093,1072.5,714.6,454.9,81.65,Normal,Yes
2024-02-06 17:00:00,GEN05,CSMR11,27.35,76.2,628.2,0.136,1086.4,972.6,605.9,85.44,Normal,No
2024-02-06 18:00:00,GEN06,CSMR26,27.55,47.7,622.9,0.127,1042.9,1077.2,675.7,79.11,Normal,Yes
2024-02-06 19:00:00,GEN09,CSMR19,35.22,54.1,991.6,0.118,835.4,1253.0,790.0,117.01,High,Yes
2024-02-06 20:00:00,GEN10,CSMR20,33.41,59.7,781.1,0.113,1070.7,1205.3,790.0,88.26,High,Yes
2024-02-06 21:00:00,GEN03,CSMR11,39.23,62.8,498.1,0.145,825.6,912.2,538.2,72.22,Normal,No
2024-02-06 22:00:00,GEN09,CSMR22,32.92,51.9,736.7,0.085,1038.5,1119.7,676.5,62.62,High,Yes
2024-02-06 23:00:00,GEN04,CSMR16,28.2,64.2,450.3,0.1,1095.8,949.7,556.5,45.03,Normal,Yes
2024-02-07 00:00:00,GEN04,CSMR19,32.95,55.3,306.0,0.104,884.4,942.2,566.4,31.82,High,Yes
2024-02-07 01:00:00,GEN09,CSMR06,35.54,59.9,637.2,0.135,1136.6,591.8,402.2,86.02,Normal,No
2024-02-07 02:00:00,GEN09,CSMR17,34.1,65.5,935.4,0.149,812.1,600.9,320.5,139.37,Normal,No
2024-02-07 03:00:00,GEN06,CSMR16,32.54,60.1,936.2,0.097,1137.5,923.6,528.8,90.81,Normal,Yes
2024-02-07 04:00:00,GEN01,CSMR08,35.33,55.6,407.7,0.141,984.1,715.1,471.9,57.49,Normal,No
2024-02-07 05:00:00,GEN09,CSMR08,35.85,58.9,574.9,0.138,887.0,516.8,342.0,79.34,Normal,No
2024-02-07 06:00:00,GEN01,CSMR16,36.91,59.1,290.5,0.096,853.5,1078.3,637.6,27.89,High,Yes
2024-02-07 07:00:00,GEN07,CSMR23,33.24,56.3,996.1,0.108,1181.3,526.0,342.3,107.58,Normal,Yes
2024-02-07 08:00:00,GEN08,CSMR17,29.16,57.4,983.0,0.109,829.1,976.2,596.0,107.15,High,Yes
2024-02-07 09:00:00,GEN10,CSMR27,30.73,76.0,684.6,0.148,879.6,931.4,602.4,101.32,Normal,No
2024-02-07 10:00:00,GEN02,CSMR03,36.03,65.6,824.0,0.093,939.1,1275.1,767.9,76.63,High,Yes
2024-02-07 11:00:00,GEN09,CSMR23,25.92,57.0,743.6,0.136,1048.1,887.4,562.7,101.13,Normal,No
2024-02-07 12:00:00,GEN05,CSMR08,31.84,67.0,633.8,0.103,1017.9,550.9,409.5,65.28,Normal,Yes
2024-02-07 13:00:00,GEN02,CSMR29,28.03,56.7,148.0,0.131,850.3,941.4,582.7,19.39,Normal,No
2024-02-07 14:00:00,GEN05,CSMR17,30.14,71.7,509.3,0.109,915.9,1172.9,704.1,55.51,High,Yes
2024-02-07 15:00:00,GEN01,CSMR18,36.39,63.7,707.3,0.12,895.5,1297.5,801.1,84.88,Normal,Yes
2024-02-07 16:00:00,GEN08,CSMR17,30.96,58.9,709.8,0.138,885.4,844.3,495.9,97.95,Normal,No
2024-02-07 17:00:00,GEN06,CSMR27,30.23,64.5,435.8,0.136,964.5,756.2,525.0,59.27,Normal,No
2024-02-07 18:00:00,GEN02,CSMR10,23.2,44.3,947.5,0.141,1081.6,1225.3,740.8,133.6,Normal,No
2024-02-07 19:00:00,GEN07,CSMR14,33.73,48.7,250.6,0.084,887.0,653.0,385.5,21.05,Normal,Yes
2024-02-07 20:00:00,GEN06,CSMR05,33.23,48.1,550.3,0.128,946.7,992.3,572.1,70.44,Normal,Yes
2024-02-07 21:00:00,GEN02,CSMR04,40.82,61.4,721.8,0.09,956.4,824.6,529.7,64.96,Normal,Yes
2024-02-07 22:00:00,GEN05,CSMR14,28.46,77.3,727.4,0.109,1190.6,532.9,343.7,79.29,Normal,Yes
2024-02-07 23:00:00,GEN08,CSMR07,31.1,82.3,683.8,0.118,1181.9,777.8,449.7,80.69,Normal,Yes
2024-02-08 00:00:00,GEN01,CSMR12,31.25,66.4,347.8,0.108,1120.1,712.2,444.2,37.56,Normal,Yes
2024-02-08 01:00:00,GEN07,CSMR13,37.89,65.0,240.6,0.116,896.7,1048.9,585.2,27.91,High,Yes
2024-02-08 02:00:00,GEN07,CSMR05,29.52,42.0,672.3,0.15,827.2,1259.0,762.7,100.84,Normal,No
2024-02-08 03:00:00,GEN10,CSMR27,31.4,54.6,639.4,0.089,926.8,714.4,443.0,56.91,Normal,Yes
2024-02-08 04:00:00,GEN05,CSMR12,33.04,52.1,261.4,0.127,906.7,1149.2,742.1,33.2,Normal,Yes
2024-02-08 05:00:00,GEN03,CSMR22,30.93,53.8,734.6,0.108,1002.4,544.3,304.3,79.34,Normal,Yes
2024-02-08 06:00:00,GEN06,CSMR28,27.77,58.3,509.7,0.089,1111.1,930.5,519.7,45.36,Normal,Yes
2024-02-08 07:00:00,GEN03,CSMR28,30.97,55.3,701.0,0.091,1143.3,556.4,307.6,63.79,Normal,Yes
2024-02-08 08:00:00,GEN05,CSMR19,35.37,40.2,853.6,0.146,1137.9,1247.2,711.3,124.63,Normal,No
2024-02-08 09:00:00,GEN03,CSMR04,24.87,67.5,252.8,0.142,943.9,1113.1,706.2,35.9,Normal,No
2024-02-08 10:00:00,GEN03,CSMR17,30.66,49.3,117.2,0.143,1074.9,1026.4,663.5,16.76,Normal,No
2024-02-08 11:00:00,GEN08,CSMR23,26.5,62.4,801.2,0.149,925.1,1159.1,704.1,119.38,Normal,No
2024-02-08 12:00:00,GEN07,CSMR06,35.98,80.7,648.7,0.095,824.4,1018.0,646.6,61.63,High,Yes
2024-02-08 13:00:00,GEN05,CSMR23,22.38,50.8,729.7,0.105,1080.6,1275.2,768.5,76.62,High,Yes
2024-02-08 14:00:00,GEN08,CSMR27,27.21,34.7,854.3,0.127,803.9,1071.2,641.8,108.5,Normal,Yes
2024-02-08 15:00:00,GEN06,CSMR20,31.89,57.1,822.5,0.114,963.7,1239.7,734.5,93.76,High,Yes
2024-02-08 16:00:00,GEN08,CSMR01,37.83,71.0,964.8,0.109,931.8,913.7,539.4,105.16,Normal,Yes
2024-02-08 17:00:00,GEN03,CSMR04,29.67,79.6,582.3,0.105,1077.4,593.7,307.8,61.14,Normal,Yes
2024-02-08 18:00:00,GEN09,CSMR26,27.22,47.7,539.6,0.122,1106.5,922.5,562.1,65.83,Normal,Yes
2024-02-08 19:00:00,GEN09,CSMR24,39.41,65.0,461.7,0.12,921.6,601.5,361.1,55.4,Normal,Yes
2024-02-08 20:00:00,GEN04,CSMR12,22.76,55.3,238.3,0.091,1124.7,974.0,605.8,21.69,Normal,Yes
2024-02-08 21:00:00,GEN02,CSMR26,19.01,58.9,615.3,0.113,917.6,886.0,532.3,69.53,Normal,Yes
2024-02-08 22:00:00,GEN04,CSMR10,32.2,86.4,349.3,0.119,978.5,998.1,591.8,41.57,High,Yes
2024-02-08 23:00:00,GEN04,CSMR06,27.49,45.0,929.2,0.12,1090.8,508.0,279.7,111.5,Normal,Yes
2024-02-09 00:00:00,GEN04,CSMR24,24.89,62.5,624.9,0.095,1077.2,655.9,394.4,59.37,Normal,Yes
2024-02-09 01:00:00,GEN03,CSMR14,33.54,64.7,633.6,0.132,1194.9,893.1,558.2,83.64,Normal,No
2024-02-09 02:00:00,GEN08,CSMR04,31.22,70.9,419.4,0.082,890.1,1260.4,721.1,34.39,High,Yes
2024-02-09 03:00:00,GEN02,CSMR27,27.18,61.0,146.8,0.105,1064.9,806.9,486.1,15.41,Normal,No
2024-02-09 04:00:00,GEN09,CSMR04,23.6,63.1,128.6,0.135,1043.9,839.5,509.1,17.36,Normal,No
2024-02-09 05:00:00,GEN01,CSMR24,34.36,56.1,481.0,0.119,1166.0,1071.8,622.8,57.24,Normal,Yes
2024-02-09 06:00:00,GEN08,CSMR18,33.25,62.7,176.1,0.098,862.5,983.0,572.5,17.26,High,No
2024-02-09 07:00:00,GEN06,CSMR09,29.5,56.6,646.2,0.129,1100.7,739.1,450.6,83.36,Normal,Yes
2024-02-09 08:00:00,GEN09,CSMR03,39.23,66.2,892.9,0.12,1027.3,828.7,464.4,107.15,Normal,Yes
2024-02-09 09:00:00,GEN05,CSMR11,24.65,56.3,894.6,0.136,909.9,674.2,414.3,121.67,Normal,No
2024-02-09 10:00:00,GEN09,CSMR29,22.37,63.8,693.1,0.131,989.8,1272.8,734.9,90.8,Normal,No
2024-02-09 11:00:00,GEN03,CSMR07,26.54,59.7,290.1,0.123,933.5,604.5,393.9,35.68,Normal,Yes
2024-02-09 12:00:00,GEN04,CSMR13,29.77,71.3,876.7,0.114,1031.7,797.5,547.5,99.94,Normal,Yes
2024-02-09 13:00:00,GEN01,CSMR10,31.22,59.5,897.5,0.089,1155.6,520.7,286.9,79.88,Normal,Yes
2024-02-09 14:00:00,GEN04,CSMR23,28.79,42.3,277.0,0.098,1027.7,677.4,424.0,27.15,Normal,Yes
2024-02-09 15:00:00,GEN04,CSMR07,31.76,72.6,763.7,0.109,1052.7,1124.4,651.9,83.24,High,Yes
2024-02-09 16:00:00,GEN07,CSMR22,23.74,50.9,357.9,0.122,1007.5,660.9,427.4,43.66,Normal,Yes
2024-02-09 17:00:00,GEN07,CSMR30,37.22,53.5,822.4,0.116,820.5,564.1,302.6,95.4,Normal,Yes
2024-02-09 18:00:00,GEN01,CSMR29,29.59,54.0,997.5,0.1,893.1,879.6,542.7,99.75,Normal,Yes
2024-02-09 19:00:00,GEN01,CSMR18,35.59,73.7,127.0,0.08,996.8,508.0,278.4,10.16,Normal,No
2024-02-09 20:00:00,GEN04,CSMR05,31.71,38.6,907.6,0.115,924.1,567.8,337.0,104.37,Normal,Yes
2024-02-09 21:00:00,GEN09,CSMR11,32.28,91.4,660.4,0.1,872.7,1146.1,654.0,66.04,High,Yes
2024-02-09 22:00:00,GEN07,CSMR27,32.85,70.6,976.0,0.131,1001.7,1117.2,694.5,127.86,Normal,No
2024-02-09 23:00:00,GEN04,CSMR04,32.24,62.2,518.5,0.082,929.1,1232.1,714.4,42.52,High,Yes
2024-02-10 00:00:00,GEN07,CSMR25,33.21,59.5,862.6,0.121,903.2,1183.6,727.4,104.37,Normal,Yes
2024-02-10 01:00:00,GEN06,CSMR26,36.65,62.9,156.2,0.146,985.6,1046.5,618.6,22.81,Normal,No
2024-02-10 02:00:00,GEN01,CSMR08,30.98,65.2,401.8,0.092,853.3,541.9,321.4,36.97,Normal,Yes
2024-02-10 03:00:00,GEN08,CSMR24,33.55,66.5,160.3,0.113,1171.1,1126.3,680.3,18.11,Normal,No
2024-02-10 04:00:00,GEN08,CSMR06,29.55,65.6,977.8,0.086,1147.1,1176.4,682.3,84.09,High,Yes
2024-02-10 05:00:00,GEN06,CSMR29,37.2,60.9,835.3,0.124,1083.0,1139.3,691.2,103.58,Normal,Yes
2024-02-10 06:00:00,GEN02,CSMR11,26.62,58.0,867.3,0.119,842.5,906.8,589.5,103.21,High,Yes
2024-02-10 07:00:00,GEN10,CSMR06,39.0,58.5,944.2,0.109,1110.4,686.3,390.4,102.92,Normal,Yes
2024-02-10 08:00:00,GEN03,CSMR19,29.8,58.1,176.6,0.116,1123.2,1176.3,741.1,20.49,High,No
2024-02-10 09:00:00,GEN04,CSMR16,22.85,71.3,447.0,0.143,1107.1,1081.7,691.4,63.92,Normal,No
2024-02-10 10:00:00,GEN03,CSMR13,30.64,65.9,163.9,0.094,845.6,1284.6,745.8,15.41,High,No
2024-02-10 11:00:00,GEN01,CSMR16,26.59,30.6,289.7,0.082,1057.6,624.6,333.4,23.76,Normal,Yes
2024-02-10 12:00:00,GEN09,CSMR21,34.2,66.6,306.4,0.14,1133.7,680.5,417.5,42.9,Normal,No
2024-02-10 13:00:00,GEN05,CSMR16,26.74,61.9,522.2,0.12,1030.9,669.4,384.4,62.66,Normal,Yes
2024-02-10 14:00:00,GEN10,CSMR25,27.77,59.8,341.7,0.142,1058.6,1134.0,736.0,48.52,Normal,No
2024-02-10 15:00:00,GEN06,CSMR14,20.55,56.1,190.9,0.122,983.3,649.5,389.2,23.29,Normal,No
2024-02-10 16:00:00,GEN07,CSMR04,27.74,71.2,250.7,0.137,1011.5,553.3,306.3,34.35,Normal,No
2024-02-10 17:00:00,GEN08,CSMR18,17.88,69.5,232.5,0.11,813.8,1298.8,741.5,25.58,High,Yes
2024-02-10 18:00:00,GEN01,CSMR03,22.08,52.3,975.8,0.132,1055.6,519.9,343.8,128.81,Normal,No
2024-02-10 19:00:00,GEN03,CSMR07,33.8,64.1,783.4,0.144,832.6,1168.2,684.1,112.81,Normal,No
2024-02-10 20:00:00,GEN02,CSMR27,33.93,50.3,971.0,0.12,974.0,792.3,478.5,116.52,Normal,Yes
2024-02-10 21:00:00,GEN04,CSMR22,32.13,46.2,495.8,0.093,917.1,1173.3,734.5,46.11,High,Yes
2024-02-10 22:00:00,GEN07,CSMR08,25.17,53.7,350.5,0.099,1018.2,943.7,551.4,34.7,Normal,Yes
2024-02-10 23:00:00,GEN08,CSMR03,29.76,68.6,818.5,0.094,853.4,1221.3,730.5,76.94,High,Yes
2024-02-11 00:00:00,GEN03,CSMR30,29.98,69.5,393.6,0.097,1076.7,1241.0,743.1,38.18,High,Yes
2024-02-11 01:00:00,GEN03,CSMR20,24.21,65.1,369.4,0.101,1118.0,507.3,323.2,37.31,Normal,Yes
2024-02-11 02:00:00,GEN07,CSMR07,37.52,67.3,309.3,0.119,865.3,560.3,354.7,36.81,Normal,Yes
2024-02-11 03:00:00,GEN06,CSMR25,34.39,65.2,216.7,0.121,841.7,700.3,413.9,26.22,Normal,Yes
2024-02-11 04:00:00,GEN09,CSMR06,28.9,53.6,330.8,0.11,858.2,1035.5,623.6,36.39,High,Yes
2024-02-11 05:00:00,GEN07,CSMR18,30.13,64.3,419.8,0.123,1150.9,1210.6,714.8,51.64,Normal,Yes
2024-02-11 06:00:00,GEN03,CSMR21,31.04,68.0,706.6,0.086,1011.3,868.0,475.9,60.77,Normal,Yes
2024-02-11 07:00:00,GEN04,CSMR05,19.79,67.5,156.3,0.086,986.9,985.6,596.3,13.44,Normal,No
2024-02-11 08:00:00,GEN02,CSMR10,28.76,71.9,289.5,0.092,842.7,650.8,445.8,26.63,Normal,Yes
2024-02-11 09:00:00,GEN01,CSMR09,26.59,67.1,828.1,0.116,1059.8,1144.0,658.5,96.06,High,Yes
2024-02-11 10:00:00,GEN08,CSMR08,24.99,63.5,232.2,0.095,1147.2,1273.9,739.8,22.06,High,Yes
2024-02-11 11:00:00,GEN01,CSMR23,28.59,70.7,408.4,0.1,1131.3,714.9,401.5,40.84,Normal,Yes
2024-02-11 12:00:00,GEN01,CSMR15,38.99,59.7,878.2,0.108,1050.4,895.9,561.1,94.85,Normal,Yes
2024-02-11 13:00:00,GEN03,CSMR16,33.2,51.2,239.4,0.137,830.1,568.9,356.3,32.8,Normal,No
2024-02-11 14:00:00,GEN07,CSMR28,27.14,58.4,174.5,0.081,845.0,947.3,563.2,14.13,High,No
2024-02-11 15:00:00,GEN02,CSMR19,32.86,52.6,536.1,0.125,819.7,902.2,515.1,67.01,Normal,Yes
